N,F_兵力函数
1,2
2,2
3,2
4,2
5,2
6,2
7,2
8,2
9,2
10,2
11,3
12,3
13,3
14,3
15,3
16,3
17,3
18,3
19,3
20,3
21,4
22,4
23,4
24,4
25,4
26,4
27,4
28,4
29,4
30,4
31,5
32,5
33,5
34,5
35,5
36,5
37,5
38,5
39,5
40,5
41,6
42,6
43,6
44,6
45,6
46,6
47,6
48,6
49,6
50,6
51,8
52,8
53,8
54,8
55,8
56,8
57,8
58,8
59,8
60,8
61,9
62,9
63,9
64,9
65,9
66,9
67,9
68,9
69,9
70,9
71,10
72,10
73,10
74,10
75,10
76,10
77,10
78,10
79,10
80,10
81,11
82,11
83,11
84,11
85,11
86,11
87,11
88,11
89,11
90,11
91,12
92,12
93,12
94,12
95,12
96,12
97,12
98,12
99,12
100,12
101,14
102,14
103,14
104,14
105,14
106,14
107,14
108,14
109,14
110,14
111,15
112,15
113,15
114,15
115,15
116,15
117,15
118,15
119,15
120,15
121,16
122,16
123,16
124,16
125,16
126,16
127,16
128,16
129,16
130,16
131,17
132,17
133,17
134,17
135,17
136,17
137,17
138,17
139,17
140,17
141,18
142,18
143,18
144,18
145,18
146,18
147,18
148,18
149,18
150,18
151,20
152,20
153,20
154,20
155,20
156,20
157,20
158,20
159,20
160,20
161,21
162,21
163,21
164,21
165,21
166,21
167,21
168,21
169,21
170,21
171,22
172,22
173,22
174,22
175,22
176,22
177,22
178,22
179,22
180,22
181,23
182,23
183,23
184,23
185,23
186,23
187,23
188,23
189,23
190,23
191,24
192,24
193,24
194,24
195,24
196,24
197,24
198,24
199,24
200,24
201,26
202,26
203,26
204,26
205,26
206,26
207,26
208,26
209,26
210,26
211,27
212,27
213,27
214,27
215,27
216,27
217,27
218,27
219,27
220,27
221,28
222,28
223,28
224,28
225,28
226,28
227,28
228,28
229,28
230,28
231,29
232,29
233,29
234,29
235,29
236,29
237,29
238,29
239,29
240,29
241,30
242,30
243,30
244,30
245,30
246,30
247,30
248,30
249,30
250,30
251,32
252,32
253,32
254,32
255,32
256,32
257,32
258,32
259,32
260,32
261,33
262,33
263,33
264,33
265,33
266,33
267,33
268,33
269,33
270,33
271,34
272,34
273,34
274,34
275,34
276,34
277,34
278,34
279,34
280,34
281,35
282,35
283,35
284,35
285,35
286,35
287,35
288,35
289,35
290,35
291,36
292,36
293,36
294,36
295,36
296,36
297,36
298,36
299,36
300,36
301,38
302,38
303,38
304,38
305,38
306,38
307,38
308,38
309,38
310,38
311,39
312,39
313,39
314,39
315,39
316,39
317,39
318,39
319,39
320,39
321,40
322,40
323,40
324,40
325,40
326,40
327,40
328,40
329,40
330,40
331,41
332,41
333,41
334,41
335,41
336,41
337,41
338,41
339,41
340,41
341,42
342,42
343,42
344,42
345,42
346,42
347,42
348,42
349,42
350,42
351,44
352,44
353,44
354,44
355,44
356,44
357,44
358,44
359,44
360,44
361,45
362,45
363,45
364,45
365,45
366,45
367,45
368,45
369,45
370,45
371,46
372,46
373,46
374,46
375,46
376,46
377,46
378,46
379,46
380,46
381,47
382,47
383,47
384,47
385,47
386,47
387,47
388,47
389,47
390,47
391,48
392,48
393,48
394,48
395,48
396,48
397,48
398,48
399,48
400,48
401,50
402,50
403,50
404,50
405,50
406,50
407,50
408,50
409,50
410,50
411,51
412,51
413,51
414,51
415,51
416,51
417,51
418,51
419,51
420,51
421,52
422,52
423,52
424,52
425,52
426,52
427,52
428,52
429,52
430,52
431,53
432,53
433,53
434,53
435,53
436,53
437,53
438,53
439,53
440,53
441,54
442,54
443,54
444,54
445,54
446,54
447,54
448,54
449,54
450,54
451,56
452,56
453,56
454,56
455,56
456,56
457,56
458,56
459,56
460,56
461,57
462,57
463,57
464,57
465,57
466,57
467,57
468,57
469,57
470,57
471,58
472,58
473,58
474,58
475,58
476,58
477,58
478,58
479,58
480,58
481,59
482,59
483,59
484,59
485,59
486,59
487,59
488,59
489,59
490,59
491,60
492,60
493,60
494,60
495,60
496,60
497,60
498,60
499,60
500,60
501,62
502,62
503,62
504,62
505,62
506,62
507,62
508,62
509,62
510,62
511,63
512,63
513,63
514,63
515,63
516,63
517,63
518,63
519,63
520,63
521,64
522,64
523,64
524,64
525,64
526,64
527,64
528,64
529,64
530,64
531,65
532,65
533,65
534,65
535,65
536,65
537,65
538,65
539,65
540,65
541,66
542,66
543,66
544,66
545,66
546,66
547,66
548,66
549,66
550,66
551,68
552,68
553,68
554,68
555,68
556,68
557,68
558,68
559,68
560,68
561,69
562,69
563,69
564,69
565,69
566,69
567,69
568,69
569,69
570,69
571,70
572,70
573,70
574,70
575,70
576,70
577,70
578,70
579,70
580,70
581,71
582,71
583,71
584,71
585,71
586,71
587,71
588,71
589,71
590,71
591,72
592,72
593,72
594,72
595,72
596,72
597,72
598,72
599,72
600,72
601,74
602,74
603,74
604,74
605,74
606,74
607,74
608,74
609,74
610,74
611,75
612,75
613,75
614,75
615,75
616,75
617,75
618,75
619,75
620,75
621,76
622,76
623,76
624,76
625,76
626,76
627,76
628,76
629,76
630,76
631,77
632,77
633,77
634,77
635,77
636,77
637,77
638,77
639,77
640,77
641,78
642,78
643,78
644,78
645,78
646,78
647,78
648,78
649,78
650,78
651,80
652,80
653,80
654,80
655,80
656,80
657,80
658,80
659,80
660,80
661,81
662,81
663,81
664,81
665,81
666,81
667,81
668,81
669,81
670,81
671,82
672,82
673,82
674,82
675,82
676,82
677,82
678,82
679,82
680,82
681,83
682,83
683,83
684,83
685,83
686,83
687,83
688,83
689,83
690,83
691,84
692,84
693,84
694,84
695,84
696,84
697,84
698,84
699,84
700,84
701,86
702,86
703,86
704,86
705,86
706,86
707,86
708,86
709,86
710,86
711,87
712,87
713,87
714,87
715,87
716,87
717,87
718,87
719,87
720,87
721,88
722,88
723,88
724,88
725,88
726,88
727,88
728,88
729,88
730,88
731,89
732,89
733,89
734,89
735,89
736,89
737,89
738,89
739,89
740,89
741,90
742,90
743,90
744,90
745,90
746,90
747,90
748,90
749,90
750,90
751,92
752,92
753,92
754,92
755,92
756,92
757,92
758,92
759,92
760,92
761,93
762,93
763,93
764,93
765,93
766,93
767,93
768,93
769,93
770,93
771,94
772,94
773,94
774,94
775,94
776,94
777,94
778,94
779,94
780,94
781,95
782,95
783,95
784,95
785,95
786,95
787,95
788,95
789,95
790,95
791,96
792,96
793,96
794,96
795,96
796,96
797,96
798,96
799,96
800,96
801,98
802,98
803,98
804,98
805,98
806,98
807,98
808,98
809,98
810,98
811,99
812,99
813,99
814,99
815,99
816,99
817,99
818,99
819,99
820,99
821,100
822,100
823,100
824,100
825,100
826,100
827,100
828,100
829,100
830,100
831,101
832,101
833,101
834,101
835,101
836,101
837,101
838,101
839,101
840,101
841,102
842,102
843,102
844,102
845,102
846,102
847,102
848,102
849,102
850,102
851,104
852,104
853,104
854,104
855,104
856,104
857,104
858,104
859,104
860,104
861,105
862,105
863,105
864,105
865,105
866,105
867,105
868,105
869,105
870,105
871,106
872,106
873,106
874,106
875,106
876,106
877,106
878,106
879,106
880,106
881,107
882,107
883,107
884,107
885,107
886,107
887,107
888,107
889,107
890,107
891,108
892,108
893,108
894,108
895,108
896,108
897,108
898,108
899,108
900,108
901,110
902,110
903,110
904,110
905,110
906,110
907,110
908,110
909,110
910,110
911,111
912,111
913,111
914,111
915,111
916,111
917,111
918,111
919,111
920,111
921,112
922,112
923,112
924,112
925,112
926,112
927,112
928,112
929,112
930,112
931,113
932,113
933,113
934,113
935,113
936,113
937,113
938,113
939,113
940,113
941,114
942,114
943,114
944,114
945,114
946,114
947,114
948,114
949,114
950,114
951,116
952,116
953,116
954,116
955,116
956,116
957,116
958,116
959,116
960,116
961,117
962,117
963,117
964,117
965,117
966,117
967,117
968,117
969,117
970,117
971,118
972,118
973,118
974,118
975,118
976,118
977,118
978,118
979,118
980,118
981,119
982,119
983,119
984,119
985,119
986,119
987,119
988,119
989,119
990,119
991,120
992,120
993,120
994,120
995,120
996,120
997,120
998,120
999,120
1000,120
1001,122
1002,122
1003,122
1004,122
1005,122
1006,122
1007,122
1008,122
1009,122
1010,122
1011,123
1012,123
1013,123
1014,123
1015,123
1016,123
1017,123
1018,123
1019,123
1020,123
1021,124
1022,124
1023,124
1024,124
1025,124
1026,124
1027,124
1028,124
1029,124
1030,124
1031,125
1032,125
1033,125
1034,125
1035,125
1036,125
1037,125
1038,125
1039,125
1040,125
1041,126
1042,126
1043,126
1044,126
1045,126
1046,126
1047,126
1048,126
1049,126
1050,126
1051,128
1052,128
1053,128
1054,128
1055,128
1056,128
1057,128
1058,128
1059,128
1060,128
1061,129
1062,129
1063,129
1064,129
1065,129
1066,129
1067,129
1068,129
1069,129
1070,129
1071,130
1072,130
1073,130
1074,130
1075,130
1076,130
1077,130
1078,130
1079,130
1080,130
1081,131
1082,131
1083,131
1084,131
1085,131
1086,131
1087,131
1088,131
1089,131
1090,131
1091,132
1092,132
1093,132
1094,132
1095,132
1096,132
1097,132
1098,132
1099,132
1100,132
1101,134
1102,134
1103,134
1104,134
1105,134
1106,134
1107,134
1108,134
1109,134
1110,134
1111,135
1112,135
1113,135
1114,135
1115,135
1116,135
1117,135
1118,135
1119,135
1120,135
1121,136
1122,136
1123,136
1124,136
1125,136
1126,136
1127,136
1128,136
1129,136
1130,136
1131,137
1132,137
1133,137
1134,137
1135,137
1136,137
1137,137
1138,137
1139,137
1140,137
1141,138
1142,138
1143,138
1144,138
1145,138
1146,138
1147,138
1148,138
1149,138
1150,138
1151,140
1152,140
1153,140
1154,140
1155,140
1156,140
1157,140
1158,140
1159,140
1160,140
1161,141
1162,141
1163,141
1164,141
1165,141
1166,141
1167,141
1168,141
1169,141
1170,141
1171,142
1172,142
1173,142
1174,142
1175,142
1176,142
1177,142
1178,142
1179,142
1180,142
1181,143
1182,143
1183,143
1184,143
1185,143
1186,143
1187,143
1188,143
1189,143
1190,143
1191,144
1192,144
1193,144
1194,144
1195,144
1196,144
1197,144
1198,144
1199,144
1200,144
1201,146
1202,146
1203,146
1204,146
1205,146
1206,146
1207,146
1208,146
1209,146
1210,146
1211,147
1212,147
1213,147
1214,147
1215,147
1216,147
1217,147
1218,147
1219,147
1220,147
1221,148
1222,148
1223,148
1224,148
1225,148
1226,148
1227,148
1228,148
1229,148
1230,148
1231,149
1232,149
1233,149
1234,149
1235,149
1236,149
1237,149
1238,149
1239,149
1240,149
1241,150
1242,150
1243,150
1244,150
1245,150
1246,150
1247,150
1248,150
1249,150
1250,150
1251,152
1252,152
1253,152
1254,152
1255,152
1256,152
1257,152
1258,152
1259,152
1260,152
1261,153
1262,153
1263,153
1264,153
1265,153
1266,153
1267,153
1268,153
1269,153
1270,153
1271,154
1272,154
1273,154
1274,154
1275,154
1276,154
1277,154
1278,154
1279,154
1280,154
1281,155
1282,155
1283,155
1284,155
1285,155
1286,155
1287,155
1288,155
1289,155
1290,155
1291,156
1292,156
1293,156
1294,156
1295,156
1296,156
1297,156
1298,156
1299,156
1300,156
1301,158
1302,158
1303,158
1304,158
1305,158
1306,158
1307,158
1308,158
1309,158
1310,158
1311,159
1312,159
1313,159
1314,159
1315,159
1316,159
1317,159
1318,159
1319,159
1320,159
1321,160
1322,160
1323,160
1324,160
1325,160
1326,160
1327,160
1328,160
1329,160
1330,160
1331,161
1332,161
1333,161
1334,161
1335,161
1336,161
1337,161
1338,161
1339,161
1340,161
1341,162
1342,162
1343,162
1344,162
1345,162
1346,162
1347,162
1348,162
1349,162
1350,162
1351,164
1352,164
1353,164
1354,164
1355,164
1356,164
1357,164
1358,164
1359,164
1360,164
1361,165
1362,165
1363,165
1364,165
1365,165
1366,165
1367,165
1368,165
1369,165
1370,165
1371,166
1372,166
1373,166
1374,166
1375,166
1376,166
1377,166
1378,166
1379,166
1380,166
1381,167
1382,167
1383,167
1384,167
1385,167
1386,167
1387,167
1388,167
1389,167
1390,167
1391,168
1392,168
1393,168
1394,168
1395,168
1396,168
1397,168
1398,168
1399,168
1400,168
1401,170
1402,170
1403,170
1404,170
1405,170
1406,170
1407,170
1408,170
1409,170
1410,170
1411,171
1412,171
1413,171
1414,171
1415,171
1416,171
1417,171
1418,171
1419,171
1420,171
1421,172
1422,172
1423,172
1424,172
1425,172
1426,172
1427,172
1428,172
1429,172
1430,172
1431,173
1432,173
1433,173
1434,173
1435,173
1436,173
1437,173
1438,173
1439,173
1440,173
1441,174
1442,174
1443,174
1444,174
1445,174
1446,174
1447,174
1448,174
1449,174
1450,174
1451,176
1452,176
1453,176
1454,176
1455,176
1456,176
1457,176
1458,176
1459,176
1460,176
1461,177
1462,177
1463,177
1464,177
1465,177
1466,177
1467,177
1468,177
1469,177
1470,177
1471,178
1472,178
1473,178
1474,178
1475,178
1476,178
1477,178
1478,178
1479,178
1480,178
1481,179
1482,179
1483,179
1484,179
1485,179
1486,179
1487,179
1488,179
1489,179
1490,179
1491,180
1492,180
1493,180
1494,180
1495,180
1496,180
1497,180
1498,180
1499,180
1500,180
1501,182
1502,182
1503,182
1504,182
1505,182
1506,182
1507,182
1508,182
1509,182
1510,182
1511,183
1512,183
1513,183
1514,183
1515,183
1516,183
1517,183
1518,183
1519,183
1520,183
1521,184
1522,184
1523,184
1524,184
1525,184
1526,184
1527,184
1528,184
1529,184
1530,184
1531,185
1532,185
1533,185
1534,185
1535,185
1536,185
1537,185
1538,185
1539,185
1540,185
1541,186
1542,186
1543,186
1544,186
1545,186
1546,186
1547,186
1548,186
1549,186
1550,186
1551,188
1552,188
1553,188
1554,188
1555,188
1556,188
1557,188
1558,188
1559,188
1560,188
1561,189
1562,189
1563,189
1564,189
1565,189
1566,189
1567,189
1568,189
1569,189
1570,189
1571,190
1572,190
1573,190
1574,190
1575,190
1576,190
1577,190
1578,190
1579,190
1580,190
1581,191
1582,191
1583,191
1584,191
1585,191
1586,191
1587,191
1588,191
1589,191
1590,191
1591,192
1592,192
1593,192
1594,192
1595,192
1596,192
1597,192
1598,192
1599,192
1600,192
1601,194
1602,194
1603,194
1604,194
1605,194
1606,194
1607,194
1608,194
1609,194
1610,194
1611,195
1612,195
1613,195
1614,195
1615,195
1616,195
1617,195
1618,195
1619,195
1620,195
1621,196
1622,196
1623,196
1624,196
1625,196
1626,196
1627,196
1628,196
1629,196
1630,196
1631,197
1632,197
1633,197
1634,197
1635,197
1636,197
1637,197
1638,197
1639,197
1640,197
1641,198
1642,198
1643,198
1644,198
1645,198
1646,198
1647,198
1648,198
1649,198
1650,198
1651,200
1652,200
1653,200
1654,200
1655,200
1656,200
1657,200
1658,200
1659,200
1660,200
1661,201
1662,201
1663,201
1664,201
1665,201
1666,201
1667,201
1668,201
1669,201
1670,201
1671,202
1672,202
1673,202
1674,202
1675,202
1676,202
1677,202
1678,202
1679,202
1680,202
1681,203
1682,203
1683,203
1684,203
1685,203
1686,203
1687,203
1688,203
1689,203
1690,203
1691,204
1692,204
1693,204
1694,204
1695,204
1696,204
1697,204
1698,204
1699,204
1700,204
1701,206
1702,206
1703,206
1704,206
1705,206
1706,206
1707,206
1708,206
1709,206
1710,206
1711,207
1712,207
1713,207
1714,207
1715,207
1716,207
1717,207
1718,207
1719,207
1720,207
1721,208
1722,208
1723,208
1724,208
1725,208
1726,208
1727,208
1728,208
1729,208
1730,208
1731,209
1732,209
1733,209
1734,209
1735,209
1736,209
1737,209
1738,209
1739,209
1740,209
1741,210
1742,210
1743,210
1744,210
1745,210
1746,210
1747,210
1748,210
1749,210
1750,210
1751,212
1752,212
1753,212
1754,212
1755,212
1756,212
1757,212
1758,212
1759,212
1760,212
1761,213
1762,213
1763,213
1764,213
1765,213
1766,213
1767,213
1768,213
1769,213
1770,213
1771,214
1772,214
1773,214
1774,214
1775,214
1776,214
1777,214
1778,214
1779,214
1780,214
1781,215
1782,215
1783,215
1784,215
1785,215
1786,215
1787,215
1788,215
1789,215
1790,215
1791,216
1792,216
1793,216
1794,216
1795,216
1796,216
1797,216
1798,216
1799,216
1800,216
1801,218
1802,218
1803,218
1804,218
1805,218
1806,218
1807,218
1808,218
1809,218
1810,218
1811,219
1812,219
1813,219
1814,219
1815,219
1816,219
1817,219
1818,219
1819,219
1820,219
1821,220
1822,220
1823,220
1824,220
1825,220
1826,220
1827,220
1828,220
1829,220
1830,220
1831,221
1832,221
1833,221
1834,221
1835,221
1836,221
1837,221
1838,221
1839,221
1840,221
1841,222
1842,222
1843,222
1844,222
1845,222
1846,222
1847,222
1848,222
1849,222
1850,222
1851,224
1852,224
1853,224
1854,224
1855,224
1856,224
1857,224
1858,224
1859,224
1860,224
1861,225
1862,225
1863,225
1864,225
1865,225
1866,225
1867,225
1868,225
1869,225
1870,225
1871,226
1872,226
1873,226
1874,226
1875,226
1876,226
1877,226
1878,226
1879,226
1880,226
1881,227
1882,227
1883,227
1884,227
1885,227
1886,227
1887,227
1888,227
1889,227
1890,227
1891,228
1892,228
1893,228
1894,228
1895,228
1896,228
1897,228
1898,228
1899,228
1900,228
1901,230
1902,230
1903,230
1904,230
1905,230
1906,230
1907,230
1908,230
1909,230
1910,230
1911,231
1912,231
1913,231
1914,231
1915,231
1916,231
1917,231
1918,231
1919,231
1920,231
1921,232
1922,232
1923,232
1924,232
1925,232
1926,232
1927,232
1928,232
1929,232
1930,232
1931,233
1932,233
1933,233
1934,233
1935,233
1936,233
1937,233
1938,233
1939,233
1940,233
1941,234
1942,234
1943,234
1944,234
1945,234
1946,234
1947,234
1948,234
1949,234
1950,234
1951,236
1952,236
1953,236
1954,236
1955,236
1956,236
1957,236
1958,236
1959,236
1960,236
1961,237
1962,237
1963,237
1964,237
1965,237
1966,237
1967,237
1968,237
1969,237
1970,237
1971,238
1972,238
1973,238
1974,238
1975,238
1976,238
1977,238
1978,238
1979,238
1980,238
1981,239
1982,239
1983,239
1984,239
1985,239
1986,239
1987,239
1988,239
1989,239
1990,239
1991,240
1992,240
1993,240
1994,240
1995,240
1996,240
1997,240
1998,240
1999,240
2000,240
2001,238
2002,238
2003,238
2004,238
2005,238
2006,239
2007,239
2008,239
2009,239
2010,239
2011,239
2012,239
2013,239
2014,239
2015,239
2016,239
2017,239
2018,239
2019,239
2020,240
2021,240
2022,240
2023,240
2024,240
2025,240
2026,240
2027,240
2028,240
2029,240
2030,240
2031,240
2032,240
2033,240
2034,241
2035,241
2036,241
2037,241
2038,241
2039,241
2040,241
2041,241
2042,241
2043,241
2044,241
2045,241
2046,242
2047,242
2048,242
2049,242
2050,242
2051,242
2052,242
2053,242
2054,242
2055,243
2056,243
2057,243
2058,243
2059,243
2060,243
2061,243
2062,243
2063,244
2064,244
2065,244
2066,244
2067,244
2068,244
2069,244
2070,244
2071,244
2072,244
2073,244
2074,244
2075,244
2076,244
2077,245
2078,245
2079,245
2080,245
2081,245
2082,245
2083,245
2084,245
2085,245
2086,245
2087,245
2088,245
2089,245
2090,245
2091,246
2092,246
2093,246
2094,246
2095,246
2096,246
2097,246
2098,246
2099,246
2100,246
2101,247
2102,247
2103,247
2104,247
2105,247
2106,247
2107,248
2108,248
2109,248
2110,248
2111,248
2112,248
2113,248
2114,248
2115,248
2116,248
2117,248
2118,248
2119,248
2120,249
2121,249
2122,249
2123,249
2124,249
2125,249
2126,249
2127,249
2128,249
2129,249
2130,249
2131,249
2132,249
2133,249
2134,250
2135,250
2136,250
2137,250
2138,250
2139,250
2140,250
2141,250
2142,250
2143,250
2144,250
2145,251
2146,251
2147,251
2148,251
2149,251
2150,251
2151,251
2152,252
2153,252
2154,252
2155,252
2156,252
2157,252
2158,252
2159,252
2160,252
2161,252
2162,252
2163,252
2164,252
2165,253
2166,253
2167,253
2168,253
2169,253
2170,253
2171,253
2172,253
2173,253
2174,253
2175,253
2176,253
2177,253
2178,253
2179,254
2180,254
2181,254
2182,254
2183,254
2184,254
2185,254
2186,254
2187,254
2188,254
2189,254
2190,254
2191,254
2192,254
2193,254
2194,254
2195,254
2196,255
2197,255
2198,255
2199,255
2200,256
2201,256
2202,256
2203,256
2204,256
2205,256
2206,256
2207,256
2208,256
2209,256
2210,256
2211,257
2212,257
2213,257
2214,257
2215,257
2216,257
2217,257
2218,257
2219,257
2220,257
2221,257
2222,257
2223,257
2224,257
2225,258
2226,258
2227,258
2228,258
2229,258
2230,258
2231,258
2232,258
2233,258
2234,258
2235,258
2236,258
2237,258
2238,258
2239,258
2240,258
2241,258
2242,259
2243,259
2244,259
2245,259
2246,259
2247,259
2248,259
2249,259
2250,259
2251,260
2252,260
2253,260
2254,260
2255,260
2256,260
2257,260
2258,260
2259,261
2260,261
2261,261
2262,261
2263,261
2264,261
2265,261
2266,261
2267,261
2268,261
2269,261
2270,261
2271,261
2272,261
2273,262
2274,262
2275,262
2276,262
2277,262
2278,262
2279,262
2280,262
2281,262
2282,262
2283,262
2284,262
2285,262
2286,262
2287,262
2288,262
2289,263
2290,263
2291,263
2292,263
2293,263
2294,263
2295,263
2296,263
2297,263
2298,263
2299,263
2300,264
2301,264
2302,264
2303,264
2304,264
2305,264
2306,264
2307,265
2308,265
2309,265
2310,265
2311,265
2312,265
2313,265
2314,265
2315,265
2316,265
2317,265
2318,265
2319,265
2320,265
2321,266
2322,266
2323,266
2324,266
2325,266
2326,266
2327,266
2328,266
2329,266
2330,266
2331,266
2332,266
2333,266
2334,266
2335,267
2336,267
2337,267
2338,267
2339,267
2340,267
2341,267
2342,267
2343,267
2344,267
2345,267
2346,267
2347,267
2348,267
2349,267
2350,267
2351,268
2352,268
2353,269
2354,269
2355,269
2356,269
2357,269
2358,269
2359,269
2360,269
2361,269
2362,269
2363,269
2364,269
2365,269
2366,269
2367,269
2368,269
2369,270
2370,270
2371,270
2372,270
2373,270
2374,270
2375,270
2376,270
2377,270
2378,270
2379,270
2380,270
2381,270
2382,270
2383,270
2384,270
2385,270
2386,270
2387,271
2388,271
2389,271
2390,271
2391,271
2392,271
2393,271
2394,271
2395,271
2396,271
2397,271
2398,271
2399,271
2400,272
2401,272
2402,273
2403,273
2404,273
2405,273
2406,273
2407,273
2408,273
2409,273
2410,273
2411,273
2412,273
2413,273
2414,273
2415,273
2416,273
2417,273
2418,273
2419,274
2420,274
2421,274
2422,274
2423,274
2424,274
2425,274
2426,274
2427,274
2428,274
2429,274
2430,274
2431,274
2432,274
2433,274
2434,274
2435,274
2436,274
2437,275
2438,275
2439,275
2440,275
2441,275
2442,275
2443,275
2444,275
2445,275
2446,275
2447,275
2448,275
2449,275
2450,275
2451,276
2452,276
2453,277
2454,277
2455,277
2456,277
2457,277
2458,277
2459,277
2460,277
2461,277
2462,277
2463,277
2464,277
2465,277
2466,277
2467,277
2468,277
2469,277
2470,278
2471,278
2472,278
2473,278
2474,278
2475,278
2476,278
2477,278
2478,278
2479,278
2480,278
2481,278
2482,278
2483,278
2484,279
2485,279
2486,279
2487,279
2488,279
2489,279
2490,279
2491,279
2492,279
2493,279
2494,279
2495,279
2496,279
2497,279
2498,279
2499,279
2500,279
2501,280
2502,280
2503,280
2504,281
2505,281
2506,281
2507,281
2508,281
2509,281
2510,281
2511,281
2512,281
2513,281
2514,281
2515,281
2516,281
2517,281
2518,281
2519,281
2520,281
2521,281
2522,282
2523,282
2524,282
2525,282
2526,282
2527,282
2528,282
2529,282
2530,282
2531,282
2532,282
2533,282
2534,282
2535,282
2536,282
2537,282
2538,282
2539,283
2540,283
2541,283
2542,283
2543,283
2544,283
2545,283
2546,283
2547,283
2548,283
2549,284
2550,284
2551,284
2552,284
2553,284
2554,284
2555,284
2556,284
2557,285
2558,285
2559,285
2560,285
2561,285
2562,285
2563,285
2564,285
2565,285
2566,285
2567,285
2568,285
2569,285
2570,285
2571,285
2572,285
2573,285
2574,285
2575,286
2576,286
2577,286
2578,286
2579,286
2580,286
2581,286
2582,286
2583,286
2584,286
2585,286
2586,286
2587,286
2588,286
2589,286
2590,286
2591,287
2592,287
2593,287
2594,287
2595,287
2596,287
2597,287
2598,287
2599,287
2600,287
2601,288
2602,288
2603,288
2604,288
2605,288
2606,288
2607,288
2608,288
2609,288
2610,288
2611,289
2612,289
2613,289
2614,289
2615,289
2616,289
2617,289
2618,289
2619,289
2620,289
2621,289
2622,289
2623,289
2624,289
2625,289
2626,289
2627,289
2628,289
2629,290
2630,290
2631,290
2632,290
2633,290
2634,290
2635,290
2636,290
2637,290
2638,290
2639,290
2640,290
2641,290
2642,290
2643,290
2644,290
2645,290
2646,290
2647,291
2648,291
2649,291
2650,291
2651,292
2652,292
2653,292
2654,292
2655,292
2656,292
2657,292
2658,292
2659,292
2660,292
2661,292
2662,292
2663,292
2664,292
2665,292
2666,292
2667,292
2668,293
2669,293
2670,293
2671,293
2672,293
2673,293
2674,293
2675,293
2676,293
2677,293
2678,293
2679,293
2680,293
2681,293
2682,293
2683,293
2684,294
2685,294
2686,294
2687,294
2688,294
2689,294
2690,294
2691,294
2692,294
2693,294
2694,294
2695,294
2696,294
2697,294
2698,294
2699,294
2700,294
2701,295
2702,295
2703,295
2704,295
2705,295
2706,296
2707,296
2708,296
2709,296
2710,296
2711,296
2712,296
2713,296
2714,296
2715,296
2716,296
2717,296
2718,296
2719,296
2720,296
2721,296
2722,297
2723,297
2724,297
2725,297
2726,297
2727,297
2728,297
2729,297
2730,297
2731,297
2732,297
2733,297
2734,297
2735,297
2736,297
2737,297
2738,297
2739,297
2740,298
2741,298
2742,298
2743,298
2744,298
2745,298
2746,298
2747,298
2748,298
2749,298
2750,299
2751,299
2752,299
2753,299
2754,299
2755,299
2756,299
2757,299
2758,299
2759,299
2760,300
2761,300
2762,300
2763,300
2764,300
2765,300
2766,300
2767,300
2768,300
2769,300
2770,300
2771,300
2772,300
2773,300
2774,300
2775,300
2776,300
2777,300
2778,300
2779,301
2780,301
2781,301
2782,301
2783,301
2784,301
2785,301
2786,301
2787,301
2788,301
2789,301
2790,301
2791,301
2792,301
2793,301
2794,301
2795,301
2796,301
2797,302
2798,302
2799,302
2800,302
2801,303
2802,303
2803,303
2804,303
2805,303
2806,303
2807,303
2808,303
2809,303
2810,303
2811,303
2812,303
2813,303
2814,303
2815,303
2816,303
2817,303
2818,304
2819,304
2820,304
2821,304
2822,304
2823,304
2824,304
2825,304
2826,304
2827,304
2828,304
2829,304
2830,304
2831,304
2832,304
2833,304
2834,304
2835,304
2836,305
2837,305
2838,305
2839,305
2840,305
2841,305
2842,305
2843,305
2844,305
2845,305
2846,305
2847,305
2848,305
2849,305
2850,305
2851,306
2852,306
2853,306
2854,306
2855,306
2856,307
2857,307
2858,307
2859,307
2860,307
2861,307
2862,307
2863,307
2864,307
2865,307
2866,307
2867,307
2868,307
2869,307
2870,307
2871,307
2872,307
2873,307
2874,307
2875,307
2876,307
2877,308
2878,308
2879,308
2880,308
2881,308
2882,308
2883,308
2884,308
2885,308
2886,308
2887,308
2888,308
2889,308
2890,308
2891,308
2892,308
2893,308
2894,308
2895,308
2896,308
2897,308
2898,309
2899,309
2900,309
2901,310
2902,310
2903,310
2904,310
2905,310
2906,310
2907,310
2908,310
2909,310
2910,310
2911,310
2912,310
2913,310
2914,310
2915,310
2916,310
2917,311
2918,311
2919,311
2920,311
2921,311
2922,311
2923,311
2924,311
2925,311
2926,311
2927,311
2928,311
2929,311
2930,311
2931,311
2932,311
2933,311
2934,311
2935,311
2936,311
2937,312
2938,312
2939,312
2940,312
2941,312
2942,312
2943,312
2944,312
2945,312
2946,312
2947,312
2948,312
2949,312
2950,312
2951,313
2952,313
2953,313
2954,313
2955,313
2956,313
2957,313
2958,314
2959,314
2960,314
2961,314
2962,314
2963,314
2964,314
2965,314
2966,314
2967,314
2968,314
2969,314
2970,314
2971,314
2972,314
2973,314
2974,314
2975,314
2976,314
2977,315
2978,315
2979,315
2980,315
2981,315
2982,315
2983,315
2984,315
2985,315
2986,315
2987,315
2988,315
2989,315
2990,315
2991,315
2992,315
2993,315
2994,315
2995,315
2996,315
2997,315
2998,315
2999,316
3000,316
3001,316
3002,316
3003,317
3004,317
3005,317
3006,317
3007,317
3008,317
3009,317
3010,317
3011,317
3012,317
3013,317
3014,317
3015,317
3016,317
3017,317
3018,317
3019,317
3020,318
3021,318
3022,318
3023,318
3024,318
3025,318
3026,318
3027,318
3028,318
3029,318
3030,318
3031,318
3032,318
3033,318
3034,318
3035,318
3036,318
3037,318
3038,318
3039,318
3040,318
3041,319
3042,319
3043,319
3044,319
3045,319
3046,319
3047,319
3048,319
3049,319
3050,319
3051,320
3052,320
3053,320
3054,320
3055,320
3056,320
3057,320
3058,320
3059,320
3060,320
3061,320
3062,320
3063,321
3064,321
3065,321
3066,321
3067,321
3068,321
3069,321
3070,321
3071,321
3072,321
3073,321
3074,321
3075,321
3076,321
3077,321
3078,321
3079,321
3080,321
3081,321
3082,321
3083,322
3084,322
3085,322
3086,322
3087,322
3088,322
3089,322
3090,322
3091,322
3092,322
3093,322
3094,322
3095,322
3096,322
3097,322
3098,322
3099,322
3100,322
3101,323
3102,323
3103,323
3104,323
3105,324
3106,324
3107,324
3108,324
3109,324
3110,324
3111,324
3112,324
3113,324
3114,324
3115,324
3116,324
3117,324
3118,324
3119,324
3120,324
3121,324
3122,324
3123,324
3124,324
3125,324
3126,325
3127,325
3128,325
3129,325
3130,325
3131,325
3132,325
3133,325
3134,325
3135,325
3136,325
3137,325
3138,325
3139,325
3140,325
3141,325
3142,325
3143,325
3144,325
3145,325
3146,326
3147,326
3148,326
3149,326
3150,326
3151,327
3152,327
3153,327
3154,327
3155,327
3156,327
3157,327
3158,327
3159,327
3160,327
3161,327
3162,327
3163,327
3164,327
3165,327
3166,327
3167,327
3168,327
3169,327
3170,328
3171,328
3172,328
3173,328
3174,328
3175,328
3176,328
3177,328
3178,328
3179,328
3180,328
3181,328
3182,328
3183,328
3184,328
3185,328
3186,328
3187,328
3188,328
3189,328
3190,328
3191,328
3192,329
3193,329
3194,329
3195,329
3196,329
3197,329
3198,329
3199,329
3200,329
3201,329
3202,330
3203,330
3204,330
3205,330
3206,330
3207,330
3208,330
3209,330
3210,330
3211,330
3212,330
3213,330
3214,331
3215,331
3216,331
3217,331
3218,331
3219,331
3220,331
3221,331
3222,331
3223,331
3224,331
3225,331
3226,331
3227,331
3228,331
3229,331
3230,331
3231,331
3232,331
3233,331
3234,331
3235,332
3236,332
3237,332
3238,332
3239,332
3240,332
3241,332
3242,332
3243,332
3244,332
3245,332
3246,332
3247,332
3248,332
3249,332
3250,333
3251,333
3252,333
3253,333
3254,333
3255,333
3256,333
3257,333
3258,333
3259,333
3260,334
3261,334
3262,334
3263,334
3264,334
3265,334
3266,334
3267,334
3268,334
3269,334
3270,334
3271,334
3272,334
3273,334
3274,334
3275,334
3276,334
3277,334
3278,334
3279,334
3280,334
3281,334
3282,335
3283,335
3284,335
3285,335
3286,335
3287,335
3288,335
3289,335
3290,335
3291,335
3292,335
3293,335
3294,335
3295,335
3296,335
3297,335
3298,335
3299,335
3300,335
3301,336
3302,336
3303,336
3304,337
3305,337
3306,337
3307,337
3308,337
3309,337
3310,337
3311,337
3312,337
3313,337
3314,337
3315,337
3316,337
3317,337
3318,337
3319,337
3320,337
3321,337
3322,337
3323,337
3324,337
3325,337
3326,338
3327,338
3328,338
3329,338
3330,338
3331,338
3332,338
3333,338
3334,338
3335,338
3336,338
3337,338
3338,338
3339,338
3340,338
3341,338
3342,338
3343,338
3344,338
3345,338
3346,338
3347,338
3348,338
3349,338
3350,338
3351,340
3352,340
3353,340
3354,340
3355,340
3356,340
3357,340
3358,340
3359,340
3360,340
3361,340
3362,340
3363,340
3364,340
3365,340
3366,340
3367,340
3368,340
3369,340
3370,340
3371,340
3372,340
3373,340
3374,341
3375,341
3376,341
3377,341
3378,341
3379,341
3380,341
3381,341
3382,341
3383,341
3384,341
3385,341
3386,341
3387,341
3388,341
3389,341
3390,341
3391,341
3392,341
3393,341
3394,341
3395,341
3396,341
3397,342
3398,342
3399,342
3400,342
3401,343
3402,343
3403,343
3404,343
3405,343
3406,343
3407,343
3408,343
3409,343
3410,343
3411,343
3412,343
3413,343
3414,343
3415,343
3416,343
3417,343
3418,343
3419,343
3420,343
3421,344
3422,344
3423,344
3424,344
3425,344
3426,344
3427,344
3428,344
3429,344
3430,344
3431,344
3432,344
3433,344
3434,344
3435,344
3436,344
3437,344
3438,344
3439,344
3440,344
3441,344
3442,344
3443,344
3444,344
3445,345
3446,345
3447,345
3448,345
3449,345
3450,345
3451,345
3452,346
3453,346
3454,346
3455,346
3456,346
3457,346
3458,346
3459,346
3460,346
3461,346
3462,346
3463,346
3464,346
3465,346
3466,346
3467,346
3468,346
3469,347
3470,347
3471,347
3472,347
3473,347
3474,347
3475,347
3476,347
3477,347
3478,347
3479,347
3480,347
3481,347
3482,347
3483,347
3484,347
3485,347
3486,347
3487,347
3488,347
3489,347
3490,347
3491,347
3492,347
3493,348
3494,348
3495,348
3496,348
3497,348
3498,348
3499,348
3500,348
3501,349
3502,349
3503,349
3504,349
3505,349
3506,349
3507,349
3508,349
3509,349
3510,349
3511,349
3512,349
3513,349
3514,349
3515,349
3516,349
3517,350
3518,350
3519,350
3520,350
3521,350
3522,350
3523,350
3524,350
3525,350
3526,350
3527,350
3528,350
3529,350
3530,350
3531,350
3532,350
3533,350
3534,350
3535,350
3536,350
3537,350
3538,350
3539,350
3540,350
3541,350
3542,351
3543,351
3544,351
3545,351
3546,351
3547,351
3548,351
3549,351
3550,352
3551,352
3552,352
3553,352
3554,352
3555,352
3556,352
3557,352
3558,352
3559,352
3560,352
3561,352
3562,352
3563,352
3564,352
3565,352
3566,353
3567,353
3568,353
3569,353
3570,353
3571,353
3572,353
3573,353
3574,353
3575,353
3576,353
3577,353
3578,353
3579,353
3580,353
3581,353
3582,353
3583,353
3584,353
3585,353
3586,353
3587,353
3588,353
3589,353
3590,354
3591,354
3592,354
3593,354
3594,354
3595,354
3596,354
3597,354
3598,354
3599,354
3600,354
3601,355
3602,355
3603,355
3604,355
3605,355
3606,355
3607,355
3608,355
3609,355
3610,355
3611,355
3612,355
3613,355
3614,355
3615,355
3616,356
3617,356
3618,356
3619,356
3620,356
3621,356
3622,356
3623,356
3624,356
3625,356
3626,356
3627,356
3628,356
3629,356
3630,356
3631,356
3632,356
3633,356
3634,356
3635,356
3636,356
3637,356
3638,356
3639,356
3640,356
3641,357
3642,357
3643,357
3644,357
3645,357
3646,357
3647,357
3648,357
3649,357
3650,357
3651,358
3652,358
3653,358
3654,358
3655,358
3656,358
3657,358
3658,358
3659,358
3660,358
3661,358
3662,358
3663,358
3664,358
3665,358
3666,358
3667,359
3668,359
3669,359
3670,359
3671,359
3672,359
3673,359
3674,359
3675,359
3676,359
3677,359
3678,359
3679,359
3680,359
3681,359
3682,359
3683,359
3684,359
3685,359
3686,359
3687,359
3688,359
3689,359
3690,359
3691,360
3692,360
3693,360
3694,360
3695,360
3696,360
3697,360
3698,360
3699,360
3700,360
3701,361
3702,361
3703,361
3704,361
3705,361
3706,361
3707,361
3708,361
3709,361
3710,361
3711,361
3712,361
3713,361
3714,361
3715,361
3716,361
3717,361
3718,362
3719,362
3720,362
3721,362
3722,362
3723,362
3724,362
3725,362
3726,362
3727,362
3728,362
3729,362
3730,362
3731,362
3732,362
3733,362
3734,362
3735,362
3736,362
3737,362
3738,362
3739,362
3740,362
3741,362
3742,362
3743,363
3744,363
3745,363
3746,363
3747,363
3748,363
3749,363
3750,363
3751,364
3752,364
3753,364
3754,364
3755,364
3756,364
3757,364
3758,364
3759,364
3760,364
3761,364
3762,364
3763,364
3764,364
3765,364
3766,364
3767,364
3768,364
3769,364
3770,365
3771,365
3772,365
3773,365
3774,365
3775,365
3776,365
3777,365
3778,365
3779,365
3780,365
3781,365
3782,365
3783,365
3784,365
3785,365
3786,365
3787,365
3788,365
3789,365
3790,365
3791,365
3792,365
3793,365
3794,365
3795,366
3796,366
3797,366
3798,366
3799,366
3800,366
3801,367
3802,367
3803,367
3804,367
3805,367
3806,367
3807,367
3808,367
3809,367
3810,367
3811,367
3812,367
3813,367
3814,367
3815,367
3816,367
3817,367
3818,367
3819,367
3820,367
3821,367
3822,368
3823,368
3824,368
3825,368
3826,368
3827,368
3828,368
3829,368
3830,368
3831,368
3832,368
3833,368
3834,368
3835,368
3836,368
3837,368
3838,368
3839,368
3840,368
3841,368
3842,368
3843,368
3844,368
3845,368
3846,368
3847,368
3848,368
3849,369
3850,369
3851,370
3852,370
3853,370
3854,370
3855,370
3856,370
3857,370
3858,370
3859,370
3860,370
3861,370
3862,370
3863,370
3864,370
3865,370
3866,370
3867,370
3868,370
3869,370
3870,370
3871,370
3872,370
3873,370
3874,370
3875,370
3876,371
3877,371
3878,371
3879,371
3880,371
3881,371
3882,371
3883,371
3884,371
3885,371
3886,371
3887,371
3888,371
3889,371
3890,371
3891,371
3892,371
3893,371
3894,371
3895,371
3896,371
3897,371
3898,371
3899,371
3900,372
3901,372
3902,373
3903,373
3904,373
3905,373
3906,373
3907,373
3908,373
3909,373
3910,373
3911,373
3912,373
3913,373
3914,373
3915,373
3916,373
3917,373
3918,373
3919,373
3920,373
3921,373
3922,373
3923,373
3924,373
3925,373
3926,373
3927,373
3928,373
3929,373
3930,374
3931,374
3932,374
3933,374
3934,374
3935,374
3936,374
3937,374
3938,374
3939,374
3940,374
3941,374
3942,374
3943,374
3944,374
3945,374
3946,374
3947,374
3948,374
3949,374
3950,375
3951,375
3952,375
3953,375
3954,375
3955,375
3956,375
3957,375
3958,376
3959,376
3960,376
3961,376
3962,376
3963,376
3964,376
3965,376
3966,376
3967,376
3968,376
3969,376
3970,376
3971,376
3972,376
3973,376
3974,376
3975,376
3976,376
3977,376
3978,376
3979,376
3980,376
3981,376
3982,376
3983,376
3984,377
3985,377
3986,377
3987,377
3988,377
3989,377
3990,377
3991,377
3992,377
3993,377
3994,377
3995,377
3996,377
3997,377
3998,377
3999,377
4000,377
4001,378
4002,378
4003,378
4004,378
4005,378
4006,378
4007,378
4008,378
4009,378
4010,378
4011,378
4012,379
4013,379
4014,379
4015,379
4016,379
4017,379
4018,379
4019,379
4020,379
4021,379
4022,379
4023,379
4024,379
4025,379
4026,379
4027,379
4028,379
4029,379
4030,379
4031,379
4032,379
4033,379
4034,379
4035,379
4036,379
4037,379
4038,379
4039,379
4040,380
4041,380
4042,380
4043,380
4044,380
4045,380
4046,380
4047,380
4048,380
4049,380
4050,380
4051,381
4052,381
4053,381
4054,381
4055,381
4056,381
4057,381
4058,381
4059,381
4060,381
4061,381
4062,381
4063,381
4064,381
4065,381
4066,381
4067,382
4068,382
4069,382
4070,382
4071,382
4072,382
4073,382
4074,382
4075,382
4076,382
4077,382
4078,382
4079,382
4080,382
4081,382
4082,382
4083,382
4084,382
4085,382
4086,382
4087,382
4088,382
4089,382
4090,382
4091,382
4092,382
4093,382
4094,382
4095,382
4096,382
4097,383
4098,383
4099,383
4100,383
4101,384
4102,384
4103,384
4104,384
4105,384
4106,384
4107,384
4108,384
4109,384
4110,384
4111,384
4112,384
4113,384
4114,384
4115,384
4116,384
4117,384
4118,384
4119,384
4120,384
4121,384
4122,384
4123,384
4124,384
4125,385
4126,385
4127,385
4128,385
4129,385
4130,385
4131,385
4132,385
4133,385
4134,385
4135,385
4136,385
4137,385
4138,385
4139,385
4140,385
4141,385
4142,385
4143,385
4144,385
4145,385
4146,385
4147,385
4148,385
4149,385
4150,385
4151,386
4152,386
4153,386
4154,387
4155,387
4156,387
4157,387
4158,387
4159,387
4160,387
4161,387
4162,387
4163,387
4164,387
4165,387
4166,387
4167,387
4168,387
4169,387
4170,387
4171,387
4172,387
4173,387
4174,387
4175,387
4176,387
4177,387
4178,387
4179,387
4180,387
4181,387
4182,387
4183,388
4184,388
4185,388
4186,388
4187,388
4188,388
4189,388
4190,388
4191,388
4192,388
4193,388
4194,388
4195,388
4196,388
4197,388
4198,388
4199,388
4200,388
4201,389
4202,389
4203,389
4204,389
4205,389
4206,389
4207,389
4208,389
4209,389
4210,389
4211,389
4212,390
4213,390
4214,390
4215,390
4216,390
4217,390
4218,390
4219,390
4220,390
4221,390
4222,390
4223,390
4224,390
4225,390
4226,390
4227,390
4228,390
4229,390
4230,390
4231,390
4232,390
4233,390
4234,390
4235,390
4236,390
4237,390
4238,390
4239,390
4240,391
4241,391
4242,391
4243,391
4244,391
4245,391
4246,391
4247,391
4248,391
4249,391
4250,391
4251,392
4252,392
4253,392
4254,392
4255,392
4256,392
4257,392
4258,392
4259,392
4260,392
4261,392
4262,392
4263,392
4264,392
4265,392
4266,392
4267,392
4268,392
4269,392
4270,393
4271,393
4272,393
4273,393
4274,393
4275,393
4276,393
4277,393
4278,393
4279,393
4280,393
4281,393
4282,393
4283,393
4284,393
4285,393
4286,393
4287,393
4288,393
4289,393
4290,393
4291,393
4292,393
4293,393
4294,393
4295,393
4296,393
4297,393
4298,393
4299,393
4300,394
4301,395
4302,395
4303,395
4304,395
4305,395
4306,395
4307,395
4308,395
4309,395
4310,395
4311,395
4312,395
4313,395
4314,395
4315,395
4316,395
4317,395
4318,395
4319,395
4320,395
4321,395
4322,395
4323,395
4324,395
4325,395
4326,395
4327,395
4328,395
4329,395
4330,396
4331,396
4332,396
4333,396
4334,396
4335,396
4336,396
4337,396
4338,396
4339,396
4340,396
4341,396
4342,396
4343,396
4344,396
4345,396
4346,396
4347,396
4348,396
4349,396
4350,396
4351,397
4352,397
4353,397
4354,397
4355,397
4356,397
4357,397
4358,397
4359,397
4360,398
4361,398
4362,398
4363,398
4364,398
4365,398
4366,398
4367,398
4368,398
4369,398
4370,398
4371,398
4372,398
4373,398
4374,398
4375,398
4376,398
4377,398
4378,398
4379,398
4380,398
4381,398
4382,398
4383,398
4384,398
4385,398
4386,398
4387,398
4388,398
4389,398
4390,399
4391,399
4392,399
4393,399
4394,399
4395,399
4396,399
4397,399
4398,399
4399,399
4400,399
4401,400
4402,400
4403,400
4404,400
4405,400
4406,400
4407,400
4408,400
4409,400
4410,400
4411,400
4412,400
4413,400
4414,400
4415,400
4416,400
4417,400
4418,400
4419,400
4420,400
4421,401
4422,401
4423,401
4424,401
4425,401
4426,401
4427,401
4428,401
4429,401
4430,401
4431,401
4432,401
4433,401
4434,401
4435,401
4436,401
4437,401
4438,401
4439,401
4440,401
4441,401
4442,401
4443,401
4444,401
4445,401
4446,401
4447,401
4448,401
4449,401
4450,401
4451,402
4452,402
4453,403
4454,403
4455,403
4456,403
4457,403
4458,403
4459,403
4460,403
4461,403
4462,403
4463,403
4464,403
4465,403
4466,403
4467,403
4468,403
4469,403
4470,403
4471,403
4472,403
4473,403
4474,403
4475,403
4476,403
4477,403
4478,403
4479,403
4480,403
4481,403
4482,403
4483,404
4484,404
4485,404
4486,404
4487,404
4488,404
4489,404
4490,404
4491,404
4492,404
4493,404
4494,404
4495,404
4496,404
4497,404
4498,404
4499,404
4500,404
4501,405
4502,405
4503,405
4504,405
4505,405
4506,405
4507,405
4508,405
4509,405
4510,405
4511,405
4512,405
4513,405
4514,406
4515,406
4516,406
4517,406
4518,406
4519,406
4520,406
4521,406
4522,406
4523,406
4524,406
4525,406
4526,406
4527,406
4528,406
4529,406
4530,406
4531,406
4532,406
4533,406
4534,406
4535,406
4536,406
4537,406
4538,406
4539,406
4540,406
4541,406
4542,406
4543,406
4544,406
4545,407
4546,407
4547,407
4548,407
4549,407
4550,407
4551,408
4552,408
4553,408
4554,408
4555,408
4556,408
4557,408
4558,408
4559,408
4560,408
4561,408
4562,408
4563,408
4564,408
4565,408
4566,408
4567,408
4568,408
4569,408
4570,408
4571,408
4572,408
4573,408
4574,408
4575,408
4576,409
4577,409
4578,409
4579,409
4580,409
4581,409
4582,409
4583,409
4584,409
4585,409
4586,409
4587,409
4588,409
4589,409
4590,409
4591,409
4592,409
4593,409
4594,409
4595,409
4596,409
4597,409
4598,409
4599,409
4600,409
4601,410
4602,410
4603,410
4604,410
4605,410
4606,410
4607,410
4608,410
4609,411
4610,411
4611,411
4612,411
4613,411
4614,411
4615,411
4616,411
4617,411
4618,411
4619,411
4620,411
4621,411
4622,411
4623,411
4624,411
4625,411
4626,411
4627,411
4628,411
4629,411
4630,411
4631,411
4632,411
4633,411
4634,411
4635,411
4636,411
4637,411
4638,411
4639,411
4640,412
4641,412
4642,412
4643,412
4644,412
4645,412
4646,412
4647,412
4648,412
4649,412
4650,412
4651,413
4652,413
4653,413
4654,413
4655,413
4656,413
4657,413
4658,413
4659,413
4660,413
4661,413
4662,413
4663,413
4664,413
4665,413
4666,413
4667,413
4668,413
4669,413
4670,413
4671,413
4672,413
4673,414
4674,414
4675,414
4676,414
4677,414
4678,414
4679,414
4680,414
4681,414
4682,414
4683,414
4684,414
4685,414
4686,414
4687,414
4688,414
4689,414
4690,414
4691,414
4692,414
4693,414
4694,414
4695,414
4696,414
4697,414
4698,414
4699,414
4700,414
4701,415
4702,415
4703,415
4704,415
4705,415
4706,416
4707,416
4708,416
4709,416
4710,416
4711,416
4712,416
4713,416
4714,416
4715,416
4716,416
4717,416
4718,416
4719,416
4720,416
4721,416
4722,416
4723,416
4724,416
4725,416
4726,416
4727,416
4728,416
4729,416
4730,416
4731,416
4732,416
4733,416
4734,416
4735,416
4736,416
4737,416
4738,417
4739,417
4740,417
4741,417
4742,417
4743,417
4744,417
4745,417
4746,417
4747,417
4748,417
4749,417
4750,417
4751,418
4752,418
4753,418
4754,418
4755,418
4756,418
4757,418
4758,418
4759,418
4760,418
4761,418
4762,418
4763,418
4764,418
4765,418
4766,418
4767,418
4768,418
4769,418
4770,418
4771,419
4772,419
4773,419
4774,419
4775,419
4776,419
4777,419
4778,419
4779,419
4780,419
4781,419
4782,419
4783,419
4784,419
4785,419
4786,419
4787,419
4788,419
4789,419
4790,419
4791,419
4792,419
4793,419
4794,419
4795,419
4796,419
4797,419
4798,419
4799,419
4800,419
4801,420
4802,420
4803,420
4804,421
4805,421
4806,421
4807,421
4808,421
4809,421
4810,421
4811,421
4812,421
4813,421
4814,421
4815,421
4816,421
4817,421
4818,421
4819,421
4820,421
4821,421
4822,421
4823,421
4824,421
4825,421
4826,421
4827,421
4828,421
4829,421
4830,421
4831,421
4832,421
4833,421
4834,421
4835,421
4836,421
4837,421
4838,422
4839,422
4840,422
4841,422
4842,422
4843,422
4844,422
4845,422
4846,422
4847,422
4848,422
4849,422
4850,422
4851,423
4852,423
4853,423
4854,423
4855,423
4856,423
4857,423
4858,423
4859,423
4860,423
4861,423
4862,423
4863,423
4864,423
4865,423
4866,423
4867,423
4868,423
4869,423
4870,423
4871,424
4872,424
4873,424
4874,424
4875,424
4876,424
4877,424
4878,424
4879,424
4880,424
4881,424
4882,424
4883,424
4884,424
4885,424
4886,424
4887,424
4888,424
4889,424
4890,424
4891,424
4892,424
4893,424
4894,424
4895,424
4896,424
4897,424
4898,424
4899,424
4900,424
4901,425
4902,425
4903,425
4904,425
4905,426
4906,426
4907,426
4908,426
4909,426
4910,426
4911,426
4912,426
4913,426
4914,426
4915,426
4916,426
4917,426
4918,426
4919,426
4920,426
4921,426
4922,426
4923,426
4924,426
4925,426
4926,426
4927,426
4928,426
4929,426
4930,426
4931,426
4932,426
4933,426
4934,426
4935,426
4936,426
4937,426
4938,426
4939,427
4940,427
4941,427
4942,427
4943,427
4944,427
4945,427
4946,427
4947,427
4948,427
4949,427
4950,427
4951,428
4952,428
4953,428
4954,428
4955,428
4956,428
4957,428
4958,428
4959,428
4960,428
4961,428
4962,428
4963,428
4964,428
4965,428
4966,428
4967,428
4968,428
4969,428
4970,428
4971,428
4972,428
4973,428
4974,429
4975,429
4976,429
4977,429
4978,429
4979,429
4980,429
4981,429
4982,429
4983,429
4984,429
4985,429
4986,429
4987,429
4988,429
4989,429
4990,429
4991,429
4992,429
4993,429
4994,429
4995,429
4996,429
4997,429
4998,429
4999,429
5000,429
5001,429
5002,429
5003,429
5004,429
5005,429
5006,429
5007,429
5008,430
5009,430
5010,430
5011,430
5012,430
5013,430
5014,430
5015,430
5016,430
5017,430
5018,430
5019,430
5020,430
5021,430
5022,430
5023,430
5024,430
5025,430
5026,430
5027,430
5028,430
5029,430
5030,430
5031,430
5032,430
5033,430
5034,430
5035,430
5036,430
5037,430
5038,430
5039,430
5040,430
5041,430
5042,430
5043,431
5044,431
5045,431
5046,431
5047,431
5048,431
5049,431
5050,431
5051,431
5052,431
5053,431
5054,431
5055,431
5056,431
5057,431
5058,431
5059,431
5060,431
5061,431
5062,431
5063,431
5064,431
5065,431
5066,431
5067,431
5068,431
5069,431
5070,431
5071,431
5072,431
5073,431
5074,431
5075,431
5076,431
5077,431
5078,432
5079,432
5080,432
5081,432
5082,432
5083,432
5084,432
5085,432
5086,432
5087,432
5088,432
5089,432
5090,432
5091,432
5092,432
5093,432
5094,432
5095,432
5096,432
5097,432
5098,432
5099,432
5100,432
5101,432
5102,432
5103,432
5104,432
5105,432
5106,432
5107,432
5108,432
5109,432
5110,432
5111,432
5112,432
5113,432
5114,433
5115,433
5116,433
5117,433
5118,433
5119,433
5120,433
5121,433
5122,433
5123,433
5124,433
5125,433
5126,433
5127,433
5128,433
5129,433
5130,433
5131,433
5132,433
5133,433
5134,433
5135,433
5136,433
5137,433
5138,433
5139,433
5140,433
5141,433
5142,433
5143,433
5144,433
5145,433
5146,433
5147,433
5148,433
5149,434
5150,434
5151,434
5152,434
5153,434
5154,434
5155,434
5156,434
5157,434
5158,434
5159,434
5160,434
5161,434
5162,434
5163,434
5164,434
5165,434
5166,434
5167,434
5168,434
5169,434
5170,434
5171,434
5172,434
5173,434
5174,434
5175,434
5176,434
5177,434
5178,434
5179,434
5180,434
5181,434
5182,434
5183,434
5184,434
5185,435
5186,435
5187,435
5188,435
5189,435
5190,435
5191,435
5192,435
5193,435
5194,435
5195,435
5196,435
5197,435
5198,435
5199,435
5200,435
5201,435
5202,435
5203,435
5204,435
5205,435
5206,435
5207,435
5208,435
5209,435
5210,435
5211,435
5212,435
5213,435
5214,435
5215,435
5216,435
5217,435
5218,435
5219,435
5220,435
5221,436
5222,436
5223,436
5224,436
5225,436
5226,436
5227,436
5228,436
5229,436
5230,436
5231,436
5232,436
5233,436
5234,436
5235,436
5236,436
5237,436
5238,436
5239,436
5240,436
5241,436
5242,436
5243,436
5244,436
5245,436
5246,436
5247,436
5248,436
5249,436
5250,436
5251,436
5252,436
5253,436
5254,436
5255,436
5256,436
5257,437
5258,437
5259,437
5260,437
5261,437
5262,437
5263,437
5264,437
5265,437
5266,437
5267,437
5268,437
5269,437
5270,437
5271,437
5272,437
5273,437
5274,437
5275,437
5276,437
5277,437
5278,437
5279,437
5280,437
5281,437
5282,437
5283,437
5284,437
5285,437
5286,437
5287,437
5288,437
5289,437
5290,437
5291,437
5292,437
5293,437
5294,438
5295,438
5296,438
5297,438
5298,438
5299,438
5300,438
5301,438
5302,438
5303,438
5304,438
5305,438
5306,438
5307,438
5308,438
5309,438
5310,438
5311,438
5312,438
5313,438
5314,438
5315,438
5316,438
5317,438
5318,438
5319,438
5320,438
5321,438
5322,438
5323,438
5324,438
5325,438
5326,438
5327,438
5328,438
5329,438
5330,438
5331,439
5332,439
5333,439
5334,439
5335,439
5336,439
5337,439
5338,439
5339,439
5340,439
5341,439
5342,439
5343,439
5344,439
5345,439
5346,439
5347,439
5348,439
5349,439
5350,439
5351,439
5352,439
5353,439
5354,439
5355,439
5356,439
5357,439
5358,439
5359,439
5360,439
5361,439
5362,439
5363,439
5364,439
5365,439
5366,439
5367,439
5368,440
5369,440
5370,440
5371,440
5372,440
5373,440
5374,440
5375,440
5376,440
5377,440
5378,440
5379,440
5380,440
5381,440
5382,440
5383,440
5384,440
5385,440
5386,440
5387,440
5388,440
5389,440
5390,440
5391,440
5392,440
5393,440
5394,440
5395,440
5396,440
5397,440
5398,440
5399,440
5400,440
5401,440
5402,440
5403,440
5404,440
5405,441
5406,441
5407,441
5408,441
5409,441
5410,441
5411,441
5412,441
5413,441
5414,441
5415,441
5416,441
5417,441
5418,441
5419,441
5420,441
5421,441
5422,441
5423,441
5424,441
5425,441
5426,441
5427,441
5428,441
5429,441
5430,441
5431,441
5432,441
5433,441
5434,441
5435,441
5436,441
5437,441
5438,441
5439,441
5440,441
5441,441
5442,441
5443,442
5444,442
5445,442
5446,442
5447,442
5448,442
5449,442
5450,442
5451,442
5452,442
5453,442
5454,442
5455,442
5456,442
5457,442
5458,442
5459,442
5460,442
5461,442
5462,442
5463,442
5464,442
5465,442
5466,442
5467,442
5468,442
5469,442
5470,442
5471,442
5472,442
5473,442
5474,442
5475,442
5476,442
5477,442
5478,442
5479,442
5480,442
5481,443
5482,443
5483,443
5484,443
5485,443
5486,443
5487,443
5488,443
5489,443
5490,443
5491,443
5492,443
5493,443
5494,443
5495,443
5496,443
5497,443
5498,443
5499,443
5500,443
5501,443
5502,443
5503,443
5504,443
5505,443
5506,443
5507,443
5508,443
5509,443
5510,443
5511,443
5512,443
5513,443
5514,443
5515,443
5516,443
5517,443
5518,443
5519,444
5520,444
5521,444
5522,444
5523,444
5524,444
5525,444
5526,444
5527,444
5528,444
5529,444
5530,444
5531,444
5532,444
5533,444
5534,444
5535,444
5536,444
5537,444
5538,444
5539,444
5540,444
5541,444
5542,444
5543,444
5544,444
5545,444
5546,444
5547,444
5548,444
5549,444
5550,444
5551,444
5552,444
5553,444
5554,444
5555,444
5556,444
5557,445
5558,445
5559,445
5560,445
5561,445
5562,445
5563,445
5564,445
5565,445
5566,445
5567,445
5568,445
5569,445
5570,445
5571,445
5572,445
5573,445
5574,445
5575,445
5576,445
5577,445
5578,445
5579,445
5580,445
5581,445
5582,445
5583,445
5584,445
5585,445
5586,445
5587,445
5588,445
5589,445
5590,445
5591,445
5592,445
5593,445
5594,445
5595,445
5596,446
5597,446
5598,446
5599,446
5600,446
5601,446
5602,446
5603,446
5604,446
5605,446
5606,446
5607,446
5608,446
5609,446
5610,446
5611,446
5612,446
5613,446
5614,446
5615,446
5616,446
5617,446
5618,446
5619,446
5620,446
5621,446
5622,446
5623,446
5624,446
5625,446
5626,446
5627,446
5628,446
5629,446
5630,446
5631,446
5632,446
5633,446
5634,446
5635,447
5636,447
5637,447
5638,447
5639,447
5640,447
5641,447
5642,447
5643,447
5644,447
5645,447
5646,447
5647,447
5648,447
5649,447
5650,447
5651,447
5652,447
5653,447
5654,447
5655,447
5656,447
5657,447
5658,447
5659,447
5660,447
5661,447
5662,447
5663,447
5664,447
5665,447
5666,447
5667,447
5668,447
5669,447
5670,447
5671,447
5672,447
5673,447
5674,448
5675,448
5676,448
5677,448
5678,448
5679,448
5680,448
5681,448
5682,448
5683,448
5684,448
5685,448
5686,448
5687,448
5688,448
5689,448
5690,448
5691,448
5692,448
5693,448
5694,448
5695,448
5696,448
5697,448
5698,448
5699,448
5700,448
5701,448
5702,448
5703,448
5704,448
5705,448
5706,448
5707,448
5708,448
5709,448
5710,448
5711,448
5712,448
5713,449
5714,449
5715,449
5716,449
5717,449
5718,449
5719,449
5720,449
5721,449
5722,449
5723,449
5724,449
5725,449
5726,449
5727,449
5728,449
5729,449
5730,449
5731,449
5732,449
5733,449
5734,449
5735,449
5736,449
5737,449
5738,449
5739,449
5740,449
5741,449
5742,449
5743,449
5744,449
5745,449
5746,449
5747,449
5748,449
5749,449
5750,449
5751,449
5752,449
5753,450
5754,450
5755,450
5756,450
5757,450
5758,450
5759,450
5760,450
5761,450
5762,450
5763,450
5764,450
5765,450
5766,450
5767,450
5768,450
5769,450
5770,450
5771,450
5772,450
5773,450
5774,450
5775,450
5776,450
5777,450
5778,450
5779,450
5780,450
5781,450
5782,450
5783,450
5784,450
5785,450
5786,450
5787,450
5788,450
5789,450
5790,450
5791,450
5792,450
5793,451
5794,451
5795,451
5796,451
5797,451
5798,451
5799,451
5800,451
5801,451
5802,451
5803,451
5804,451
5805,451
5806,451
5807,451
5808,451
5809,451
5810,451
5811,451
5812,451
5813,451
5814,451
5815,451
5816,451
5817,451
5818,451
5819,451
5820,451
5821,451
5822,451
5823,451
5824,451
5825,451
5826,451
5827,451
5828,451
5829,451
5830,451
5831,451
5832,451
5833,452
5834,452
5835,452
5836,452
5837,452
5838,452
5839,452
5840,452
5841,452
5842,452
5843,452
5844,452
5845,452
5846,452
5847,452
5848,452
5849,452
5850,452
5851,452
5852,452
5853,452
5854,452
5855,452
5856,452
5857,452
5858,452
5859,452
5860,452
5861,452
5862,452
5863,452
5864,452
5865,452
5866,452
5867,452
5868,452
5869,452
5870,452
5871,452
5872,452
5873,452
5874,453
5875,453
5876,453
5877,453
5878,453
5879,453
5880,453
5881,453
5882,453
5883,453
5884,453
5885,453
5886,453
5887,453
5888,453
5889,453
5890,453
5891,453
5892,453
5893,453
5894,453
5895,453
5896,453
5897,453
5898,453
5899,453
5900,453
5901,453
5902,453
5903,453
5904,453
5905,453
5906,453
5907,453
5908,453
5909,453
5910,453
5911,453
5912,453
5913,453
5914,453
5915,454
5916,454
5917,454
5918,454
5919,454
5920,454
5921,454
5922,454
5923,454
5924,454
5925,454
5926,454
5927,454
5928,454
5929,454
5930,454
5931,454
5932,454
5933,454
5934,454
5935,454
5936,454
5937,454
5938,454
5939,454
5940,454
5941,454
5942,454
5943,454
5944,454
5945,454
5946,454
5947,454
5948,454
5949,454
5950,454
5951,454
5952,454
5953,454
5954,454
5955,454
5956,455
5957,455
5958,455
5959,455
5960,455
5961,455
5962,455
5963,455
5964,455
5965,455
5966,455
5967,455
5968,455
5969,455
5970,455
5971,455
5972,455
5973,455
5974,455
5975,455
5976,455
5977,455
5978,455
5979,455
5980,455
5981,455
5982,455
5983,455
5984,455
5985,455
5986,455
5987,455
5988,455
5989,455
5990,455
5991,455
5992,455
5993,455
5994,455
5995,455
5996,455
5997,456
5998,456
5999,456
6000,456
6001,456
6002,456
6003,456
6004,456
6005,456
6006,456
6007,456
6008,456
6009,456
6010,456
6011,456
6012,456
6013,456
6014,456
6015,456
6016,456
6017,456
6018,456
6019,456
6020,456
6021,456
6022,456
6023,456
6024,456
6025,456
6026,456
6027,456
6028,456
6029,456
6030,456
6031,456
6032,456
6033,456
6034,456
6035,456
6036,456
6037,456
6038,456
6039,457
6040,457
6041,457
6042,457
6043,457
6044,457
6045,457
6046,457
6047,457
6048,457
6049,457
6050,457
6051,457
6052,457
6053,457
6054,457
6055,457
6056,457
6057,457
6058,457
6059,457
6060,457
6061,457
6062,457
6063,457
6064,457
6065,457
6066,457
6067,457
6068,457
6069,457
6070,457
6071,457
6072,457
6073,457
6074,457
6075,457
6076,457
6077,457
6078,457
6079,457
6080,457
6081,458
6082,458
6083,458
6084,458
6085,458
6086,458
6087,458
6088,458
6089,458
6090,458
6091,458
6092,458
6093,458
6094,458
6095,458
6096,458
6097,458
6098,458
6099,458
6100,458
6101,458
6102,458
6103,458
6104,458
6105,458
6106,458
6107,458
6108,458
6109,458
6110,458
6111,458
6112,458
6113,458
6114,458
6115,458
6116,458
6117,458
6118,458
6119,458
6120,458
6121,458
6122,458
6123,459
6124,459
6125,459
6126,459
6127,459
6128,459
6129,459
6130,459
6131,459
6132,459
6133,459
6134,459
6135,459
6136,459
6137,459
6138,459
6139,459
6140,459
6141,459
6142,459
6143,459
6144,459
6145,459
6146,459
6147,459
6148,459
6149,459
6150,459
6151,459
6152,459
6153,459
6154,459
6155,459
6156,459
6157,459
6158,459
6159,459
6160,459
6161,459
6162,459
6163,459
6164,459
6165,459
6166,460
6167,460
6168,460
6169,460
6170,460
6171,460
6172,460
6173,460
6174,460
6175,460
6176,460
6177,460
6178,460
6179,460
6180,460
6181,460
6182,460
6183,460
6184,460
6185,460
6186,460
6187,460
6188,460
6189,460
6190,460
6191,460
6192,460
6193,460
6194,460
6195,460
6196,460
6197,460
6198,460
6199,460
6200,460
6201,460
6202,460
6203,460
6204,460
6205,460
6206,460
6207,460
6208,460
6209,461
6210,461
6211,461
6212,461
6213,461
6214,461
6215,461
6216,461
6217,461
6218,461
6219,461
6220,461
6221,461
6222,461
6223,461
6224,461
6225,461
6226,461
6227,461
6228,461
6229,461
6230,461
6231,461
6232,461
6233,461
6234,461
6235,461
6236,461
6237,461
6238,461
6239,461
6240,461
6241,461
6242,461
6243,461
6244,461
6245,461
6246,461
6247,461
6248,461
6249,461
6250,461
6251,461
6252,462
6253,462
6254,462
6255,462
6256,462
6257,462
6258,462
6259,462
6260,462
6261,462
6262,462
6263,462
6264,462
6265,462
6266,462
6267,462
6268,462
6269,462
6270,462
6271,462
6272,462
6273,462
6274,462
6275,462
6276,462
6277,462
6278,462
6279,462
6280,462
6281,462
6282,462
6283,462
6284,462
6285,462
6286,462
6287,462
6288,462
6289,462
6290,462
6291,462
6292,462
6293,462
6294,462
6295,462
6296,463
6297,463
6298,463
6299,463
6300,463
6301,463
6302,463
6303,463
6304,463
6305,463
6306,463
6307,463
6308,463
6309,463
6310,463
6311,463
6312,463
6313,463
6314,463
6315,463
6316,463
6317,463
6318,463
6319,463
6320,463
6321,463
6322,463
6323,463
6324,463
6325,463
6326,463
6327,463
6328,463
6329,463
6330,463
6331,463
6332,463
6333,463
6334,463
6335,463
6336,463
6337,463
6338,463
6339,464
6340,464
6341,464
6342,464
6343,464
6344,464
6345,464
6346,464
6347,464
6348,464
6349,464
6350,464
6351,464
6352,464
6353,464
6354,464
6355,464
6356,464
6357,464
6358,464
6359,464
6360,464
6361,464
6362,464
6363,464
6364,464
6365,464
6366,464
6367,464
6368,464
6369,464
6370,464
6371,464
6372,464
6373,464
6374,464
6375,464
6376,464
6377,464
6378,464
6379,464
6380,464
6381,464
6382,464
6383,465
6384,465
6385,465
6386,465
6387,465
6388,465
6389,465
6390,465
6391,465
6392,465
6393,465
6394,465
6395,465
6396,465
6397,465
6398,465
6399,465
6400,465
6401,465
6402,465
6403,465
6404,465
6405,465
6406,465
6407,465
6408,465
6409,465
6410,465
6411,465
6412,465
6413,465
6414,465
6415,465
6416,465
6417,465
6418,465
6419,465
6420,465
6421,465
6422,465
6423,465
6424,465
6425,465
6426,465
6427,465
6428,466
6429,466
6430,466
6431,466
6432,466
6433,466
6434,466
6435,466
6436,466
6437,466
6438,466
6439,466
6440,466
6441,466
6442,466
6443,466
6444,466
6445,466
6446,466
6447,466
6448,466
6449,466
6450,466
6451,466
6452,466
6453,466
6454,466
6455,466
6456,466
6457,466
6458,466
6459,466
6460,466
6461,466
6462,466
6463,466
6464,466
6465,466
6466,466
6467,466
6468,466
6469,466
6470,466
6471,466
6472,466
6473,467
6474,467
6475,467
6476,467
6477,467
6478,467
6479,467
6480,467
6481,467
6482,467
6483,467
6484,467
6485,467
6486,467
6487,467
6488,467
6489,467
6490,467
6491,467
6492,467
6493,467
6494,467
6495,467
6496,467
6497,467
6498,467
6499,467
6500,467
6501,467
6502,467
6503,467
6504,467
6505,467
6506,467
6507,467
6508,467
6509,467
6510,467
6511,467
6512,467
6513,467
6514,467
6515,467
6516,467
6517,467
6518,468
6519,468
6520,468
6521,468
6522,468
6523,468
6524,468
6525,468
6526,468
6527,468
6528,468
6529,468
6530,468
6531,468
6532,468
6533,468
6534,468
6535,468
6536,468
6537,468
6538,468
6539,468
6540,468
6541,468
6542,468
6543,468
6544,468
6545,468
6546,468
6547,468
6548,468
6549,468
6550,468
6551,468
6552,468
6553,468
6554,468
6555,468
6556,468
6557,468
6558,468
6559,468
6560,468
6561,468
6562,468
6563,469
6564,469
6565,469
6566,469
6567,469
6568,469
6569,469
6570,469
6571,469
6572,469
6573,469
6574,469
6575,469
6576,469
6577,469
6578,469
6579,469
6580,469
6581,469
6582,469
6583,469
6584,469
6585,469
6586,469
6587,469
6588,469
6589,469
6590,469
6591,469
6592,469
6593,469
6594,469
6595,469
6596,469
6597,469
6598,469
6599,469
6600,469
6601,469
6602,469
6603,469
6604,469
6605,469
6606,469
6607,469
6608,469
6609,470
6610,470
6611,470
6612,470
6613,470
6614,470
6615,470
6616,470
6617,470
6618,470
6619,470
6620,470
6621,470
6622,470
6623,470
6624,470
6625,470
6626,470
6627,470
6628,470
6629,470
6630,470
6631,470
6632,470
6633,470
6634,470
6635,470
6636,470
6637,470
6638,470
6639,470
6640,470
6641,470
6642,470
6643,470
6644,470
6645,470
6646,470
6647,470
6648,470
6649,470
6650,470
6651,470
6652,470
6653,470
6654,471
6655,471
6656,471
6657,471
6658,471
6659,471
6660,471
6661,471
6662,471
6663,471
6664,471
6665,471
6666,471
6667,471
6668,471
6669,471
6670,471
6671,471
6672,471
6673,471
6674,471
6675,471
6676,471
6677,471
6678,471
6679,471
6680,471
6681,471
6682,471
6683,471
6684,471
6685,471
6686,471
6687,471
6688,471
6689,471
6690,471
6691,471
6692,471
6693,471
6694,471
6695,471
6696,471
6697,471
6698,471
6699,471
6700,471
6701,472
6702,472
6703,472
6704,472
6705,472
6706,472
6707,472
6708,472
6709,472
6710,472
6711,472
6712,472
6713,472
6714,472
6715,472
6716,472
6717,472
6718,472
6719,472
6720,472
6721,472
6722,472
6723,472
6724,472
6725,472
6726,472
6727,472
6728,472
6729,472
6730,472
6731,472
6732,472
6733,472
6734,472
6735,472
6736,472
6737,472
6738,472
6739,472
6740,472
6741,472
6742,472
6743,472
6744,472
6745,472
6746,472
6747,473
6748,473
6749,473
6750,473
6751,473
6752,473
6753,473
6754,473
6755,473
6756,473
6757,473
6758,473
6759,473
6760,473
6761,473
6762,473
6763,473
6764,473
6765,473
6766,473
6767,473
6768,473
6769,473
6770,473
6771,473
6772,473
6773,473
6774,473
6775,473
6776,473
6777,473
6778,473
6779,473
6780,473
6781,473
6782,473
6783,473
6784,473
6785,473
6786,473
6787,473
6788,473
6789,473
6790,473
6791,473
6792,473
6793,473
6794,474
6795,474
6796,474
6797,474
6798,474
6799,474
6800,474
6801,474
6802,474
6803,474
6804,474
6805,474
6806,474
6807,474
6808,474
6809,474
6810,474
6811,474
6812,474
6813,474
6814,474
6815,474
6816,474
6817,474
6818,474
6819,474
6820,474
6821,474
6822,474
6823,474
6824,474
6825,474
6826,474
6827,474
6828,474
6829,474
6830,474
6831,474
6832,474
6833,474
6834,474
6835,474
6836,474
6837,474
6838,474
6839,474
6840,474
6841,474
6842,475
6843,475
6844,475
6845,475
6846,475
6847,475
6848,475
6849,475
6850,475
6851,475
6852,475
6853,475
6854,475
6855,475
6856,475
6857,475
6858,475
6859,475
6860,475
6861,475
6862,475
6863,475
6864,475
6865,475
6866,475
6867,475
6868,475
6869,475
6870,475
6871,475
6872,475
6873,475
6874,475
6875,475
6876,475
6877,475
6878,475
6879,475
6880,475
6881,475
6882,475
6883,475
6884,475
6885,475
6886,475
6887,475
6888,475
6889,476
6890,476
6891,476
6892,476
6893,476
6894,476
6895,476
6896,476
6897,476
6898,476
6899,476
6900,476
6901,476
6902,476
6903,476
6904,476
6905,476
6906,476
6907,476
6908,476
6909,476
6910,476
6911,476
6912,476
6913,476
6914,476
6915,476
6916,476
6917,476
6918,476
6919,476
6920,476
6921,476
6922,476
6923,476
6924,476
6925,476
6926,476
6927,476
6928,476
6929,476
6930,476
6931,476
6932,476
6933,476
6934,476
6935,476
6936,476
6937,477
6938,477
6939,477
6940,477
6941,477
6942,477
6943,477
6944,477
6945,477
6946,477
6947,477
6948,477
6949,477
6950,477
6951,477
6952,477
6953,477
6954,477
6955,477
6956,477
6957,477
6958,477
6959,477
6960,477
6961,477
6962,477
6963,477
6964,477
6965,477
6966,477
6967,477
6968,477
6969,477
6970,477
6971,477
6972,477
6973,477
6974,477
6975,477
6976,477
6977,477
6978,477
6979,477
6980,477
6981,477
6982,477
6983,477
6984,477
6985,478
6986,478
6987,478
6988,478
6989,478
6990,478
6991,478
6992,478
6993,478
6994,478
6995,478
6996,478
6997,478
6998,478
6999,478
7000,478
7001,478
7002,478
7003,478
7004,478
7005,478
7006,478
7007,478
7008,478
7009,478
7010,478
7011,478
7012,478
7013,478
7014,478
7015,478
7016,478
7017,478
7018,478
7019,478
7020,478
7021,478
7022,478
7023,478
7024,478
7025,478
7026,478
7027,478
7028,478
7029,478
7030,478
7031,478
7032,478
7033,478
7034,479
7035,479
7036,479
7037,479
7038,479
7039,479
7040,479
7041,479
7042,479
7043,479
7044,479
7045,479
7046,479
7047,479
7048,479
7049,479
7050,479
7051,479
7052,479
7053,479
7054,479
7055,479
7056,479
7057,479
7058,479
7059,479
7060,479
7061,479
7062,479
7063,479
7064,479
7065,479
7066,479
7067,479
7068,479
7069,479
7070,479
7071,479
7072,479
7073,479
7074,479
7075,479
7076,479
7077,479
7078,479
7079,479
7080,479
7081,479
7082,479
7083,480
7084,480
7085,480
7086,480
7087,480
7088,480
7089,480
7090,480
7091,480
7092,480
7093,480
7094,480
7095,480
7096,480
7097,480
7098,480
7099,480
7100,480
7101,480
7102,480
7103,480
7104,480
7105,480
7106,480
7107,480
7108,480
7109,480
7110,480
7111,480
7112,480
7113,480
7114,480
7115,480
7116,480
7117,480
7118,480
7119,480
7120,480
7121,480
7122,480
7123,480
7124,480
7125,480
7126,480
7127,480
7128,480
7129,480
7130,480
7131,480
7132,481
7133,481
7134,481
7135,481
7136,481
7137,481
7138,481
7139,481
7140,481
7141,481
7142,481
7143,481
7144,481
7145,481
7146,481
7147,481
7148,481
7149,481
7150,481
7151,481
7152,481
7153,481
7154,481
7155,481
7156,481
7157,481
7158,481
7159,481
7160,481
7161,481
7162,481
7163,481
7164,481
7165,481
7166,481
7167,481
7168,481
7169,481
7170,481
7171,481
7172,481
7173,481
7174,481
7175,481
7176,481
7177,481
7178,481
7179,481
7180,481
7181,481
7182,482
7183,482
7184,482
7185,482
7186,482
7187,482
7188,482
7189,482
7190,482
7191,482
7192,482
7193,482
7194,482
7195,482
7196,482
7197,482
7198,482
7199,482
7200,482
7201,482
7202,482
7203,482
7204,482
7205,482
7206,482
7207,482
7208,482
7209,482
7210,482
7211,482
7212,482
7213,482
7214,482
7215,482
7216,482
7217,482
7218,482
7219,482
7220,482
7221,482
7222,482
7223,482
7224,482
7225,482
7226,482
7227,482
7228,482
7229,482
7230,482
7231,482
7232,483
7233,483
7234,483
7235,483
7236,483
7237,483
7238,483
7239,483
7240,483
7241,483
7242,483
7243,483
7244,483
7245,483
7246,483
7247,483
7248,483
7249,483
7250,483
7251,483
7252,483
7253,483
7254,483
7255,483
7256,483
7257,483
7258,483
7259,483
7260,483
7261,483
7262,483
7263,483
7264,483
7265,483
7266,483
7267,483
7268,483
7269,483
7270,483
7271,483
7272,483
7273,483
7274,483
7275,483
7276,483
7277,483
7278,483
7279,483
7280,483
7281,483
7282,484
7283,484
7284,484
7285,484
7286,484
7287,484
7288,484
7289,484
7290,484
7291,484
7292,484
7293,484
7294,484
7295,484
7296,484
7297,484
7298,484
7299,484
7300,484
7301,484
7302,484
7303,484
7304,484
7305,484
7306,484
7307,484
7308,484
7309,484
7310,484
7311,484
7312,484
7313,484
7314,484
7315,484
7316,484
7317,484
7318,484
7319,484
7320,484
7321,484
7322,484
7323,484
7324,484
7325,484
7326,484
7327,484
7328,484
7329,484
7330,484
7331,484
7332,484
7333,485
7334,485
7335,485
7336,485
7337,485
7338,485
7339,485
7340,485
7341,485
7342,485
7343,485
7344,485
7345,485
7346,485
7347,485
7348,485
7349,485
7350,485
7351,485
7352,485
7353,485
7354,485
7355,485
7356,485
7357,485
7358,485
7359,485
7360,485
7361,485
7362,485
7363,485
7364,485
7365,485
7366,485
7367,485
7368,485
7369,485
7370,485
7371,485
7372,485
7373,485
7374,485
7375,485
7376,485
7377,485
7378,485
7379,485
7380,485
7381,485
7382,485
7383,485
7384,486
7385,486
7386,486
7387,486
7388,486
7389,486
7390,486
7391,486
7392,486
7393,486
7394,486
7395,486
7396,486
7397,486
7398,486
7399,486
7400,486
7401,486
7402,486
7403,486
7404,486
7405,486
7406,486
7407,486
7408,486
7409,486
7410,486
7411,486
7412,486
7413,486
7414,486
7415,486
7416,486
7417,486
7418,486
7419,486
7420,486
7421,486
7422,486
7423,486
7424,486
7425,486
7426,486
7427,486
7428,486
7429,486
7430,486
7431,486
7432,486
7433,486
7434,486
7435,487
7436,487
7437,487
7438,487
7439,487
7440,487
7441,487
7442,487
7443,487
7444,487
7445,487
7446,487
7447,487
7448,487
7449,487
7450,487
7451,487
7452,487
7453,487
7454,487
7455,487
7456,487
7457,487
7458,487
7459,487
7460,487
7461,487
7462,487
7463,487
7464,487
7465,487
7466,487
7467,487
7468,487
7469,487
7470,487
7471,487
7472,487
7473,487
7474,487
7475,487
7476,487
7477,487
7478,487
7479,487
7480,487
7481,487
7482,487
7483,487
7484,487
7485,487
7486,487
7487,488
7488,488
7489,488
7490,488
7491,488
7492,488
7493,488
7494,488
7495,488
7496,488
7497,488
7498,488
7499,488
7500,488
7501,488
7502,488
7503,488
7504,488
7505,488
7506,488
7507,488
7508,488
7509,488
7510,488
7511,488
7512,488
7513,488
7514,488
7515,488
7516,488
7517,488
7518,488
7519,488
7520,488
7521,488
7522,488
7523,488
7524,488
7525,488
7526,488
7527,488
7528,488
7529,488
7530,488
7531,488
7532,488
7533,488
7534,488
7535,488
7536,488
7537,488
7538,488
7539,489
7540,489
7541,489
7542,489
7543,489
7544,489
7545,489
7546,489
7547,489
7548,489
7549,489
7550,489
7551,489
7552,489
7553,489
7554,489
7555,489
7556,489
7557,489
7558,489
7559,489
7560,489
7561,489
7562,489
7563,489
7564,489
7565,489
7566,489
7567,489
7568,489
7569,489
7570,489
7571,489
7572,489
7573,489
7574,489
7575,489
7576,489
7577,489
7578,489
7579,489
7580,489
7581,489
7582,489
7583,489
7584,489
7585,489
7586,489
7587,489
7588,489
7589,489
7590,489
7591,490
7592,490
7593,490
7594,490
7595,490
7596,490
7597,490
7598,490
7599,490
7600,490
7601,490
7602,490
7603,490
7604,490
7605,490
7606,490
7607,490
7608,490
7609,490
7610,490
7611,490
7612,490
7613,490
7614,490
7615,490
7616,490
7617,490
7618,490
7619,490
7620,490
7621,490
7622,490
7623,490
7624,490
7625,490
7626,490
7627,490
7628,490
7629,490
7630,490
7631,490
7632,490
7633,490
7634,490
7635,490
7636,490
7637,490
7638,490
7639,490
7640,490
7641,490
7642,490
7643,490
7644,491
7645,491
7646,491
7647,491
7648,491
7649,491
7650,491
7651,491
7652,491
7653,491
7654,491
7655,491
7656,491
7657,491
7658,491
7659,491
7660,491
7661,491
7662,491
7663,491
7664,491
7665,491
7666,491
7667,491
7668,491
7669,491
7670,491
7671,491
7672,491
7673,491
7674,491
7675,491
7676,491
7677,491
7678,491
7679,491
7680,491
7681,491
7682,491
7683,491
7684,491
7685,491
7686,491
7687,491
7688,491
7689,491
7690,491
7691,491
7692,491
7693,491
7694,491
7695,491
7696,491
7697,492
7698,492
7699,492
7700,492
7701,492
7702,492
7703,492
7704,492
7705,492
7706,492
7707,492
7708,492
7709,492
7710,492
7711,492
7712,492
7713,492
7714,492
7715,492
7716,492
7717,492
7718,492
7719,492
7720,492
7721,492
7722,492
7723,492
7724,492
7725,492
7726,492
7727,492
7728,492
7729,492
7730,492
7731,492
7732,492
7733,492
7734,492
7735,492
7736,492
7737,492
7738,492
7739,492
7740,492
7741,492
7742,492
7743,492
7744,492
7745,492
7746,492
7747,492
7748,492
7749,492
7750,492
7751,493
7752,493
7753,493
7754,493
7755,493
7756,493
7757,493
7758,493
7759,493
7760,493
7761,493
7762,493
7763,493
7764,493
7765,493
7766,493
7767,493
7768,493
7769,493
7770,493
7771,493
7772,493
7773,493
7774,493
7775,493
7776,493
7777,493
7778,493
7779,493
7780,493
7781,493
7782,493
7783,493
7784,493
7785,493
7786,493
7787,493
7788,493
7789,493
7790,493
7791,493
7792,493
7793,493
7794,493
7795,493
7796,493
7797,493
7798,493
7799,493
7800,493
7801,493
7802,493
7803,493
7804,493
7805,494
7806,494
7807,494
7808,494
7809,494
7810,494
7811,494
7812,494
7813,494
7814,494
7815,494
7816,494
7817,494
7818,494
7819,494
7820,494
7821,494
7822,494
7823,494
7824,494
7825,494
7826,494
7827,494
7828,494
7829,494
7830,494
7831,494
7832,494
7833,494
7834,494
7835,494
7836,494
7837,494
7838,494
7839,494
7840,494
7841,494
7842,494
7843,494
7844,494
7845,494
7846,494
7847,494
7848,494
7849,494
7850,494
7851,494
7852,494
7853,494
7854,494
7855,494
7856,494
7857,494
7858,494
7859,495
7860,495
7861,495
7862,495
7863,495
7864,495
7865,495
7866,495
7867,495
7868,495
7869,495
7870,495
7871,495
7872,495
7873,495
7874,495
7875,495
7876,495
7877,495
7878,495
7879,495
7880,495
7881,495
7882,495
7883,495
7884,495
7885,495
7886,495
7887,495
7888,495
7889,495
7890,495
7891,495
7892,495
7893,495
7894,495
7895,495
7896,495
7897,495
7898,495
7899,495
7900,495
7901,495
7902,495
7903,495
7904,495
7905,495
7906,495
7907,495
7908,495
7909,495
7910,495
7911,495
7912,495
7913,496
7914,496
7915,496
7916,496
7917,496
7918,496
7919,496
7920,496
7921,496
7922,496
7923,496
7924,496
7925,496
7926,496
7927,496
7928,496
7929,496
7930,496
7931,496
7932,496
7933,496
7934,496
7935,496
7936,496
7937,496
7938,496
7939,496
7940,496
7941,496
7942,496
7943,496
7944,496
7945,496
7946,496
7947,496
7948,496
7949,496
7950,496
7951,496
7952,496
7953,496
7954,496
7955,496
7956,496
7957,496
7958,496
7959,496
7960,496
7961,496
7962,496
7963,496
7964,496
7965,496
7966,496
7967,496
7968,497
7969,497
7970,497
7971,497
7972,497
7973,497
7974,497
7975,497
7976,497
7977,497
7978,497
7979,497
7980,497
7981,497
7982,497
7983,497
7984,497
7985,497
7986,497
7987,497
7988,497
7989,497
7990,497
7991,497
7992,497
7993,497
7994,497
7995,497
7996,497
7997,497
7998,497
7999,497
8000,497
8001,497
8002,497
8003,497
8004,497
8005,497
8006,497
8007,497
8008,497
8009,497
8010,497
8011,497
8012,497
8013,497
8014,497
8015,497
8016,497
8017,497
8018,497
8019,497
8020,497
8021,497
8022,497
8023,497
8024,498
8025,498
8026,498
8027,498
8028,498
8029,498
8030,498
8031,498
8032,498
8033,498
8034,498
8035,498
8036,498
8037,498
8038,498
8039,498
8040,498
8041,498
8042,498
8043,498
8044,498
8045,498
8046,498
8047,498
8048,498
8049,498
8050,498
8051,498
8052,498
8053,498
8054,498
8055,498
8056,498
8057,498
8058,498
8059,498
8060,498
8061,498
8062,498
8063,498
8064,498
8065,498
8066,498
8067,498
8068,498
8069,498
8070,498
8071,498
8072,498
8073,498
8074,498
8075,498
8076,498
8077,498
8078,498
8079,498
8080,499
8081,499
8082,499
8083,499
8084,499
8085,499
8086,499
8087,499
8088,499
8089,499
8090,499
8091,499
8092,499
8093,499
8094,499
8095,499
8096,499
8097,499
8098,499
8099,499
8100,499
8101,499
8102,499
8103,499
8104,499
8105,499
8106,499
8107,499
8108,499
8109,499
8110,499
8111,499
8112,499
8113,499
8114,499
8115,499
8116,499
8117,499
8118,499
8119,499
8120,499
8121,499
8122,499
8123,499
8124,499
8125,499
8126,499
8127,499
8128,499
8129,499
8130,499
8131,499
8132,499
8133,499
8134,499
8135,499
8136,500
8137,500
8138,500
8139,500
8140,500
8141,500
8142,500
8143,500
8144,500
8145,500
8146,500
8147,500
8148,500
8149,500
8150,500
8151,500
8152,500
8153,500
8154,500
8155,500
8156,500
8157,500
8158,500
8159,500
8160,500
8161,500
8162,500
8163,500
8164,500
8165,500
8166,500
8167,500
8168,500
8169,500
8170,500
8171,500
8172,500
8173,500
8174,500
8175,500
8176,500
8177,500
8178,500
8179,500
8180,500
8181,500
8182,500
8183,500
8184,500
8185,500
8186,500
8187,500
8188,500
8189,500
8190,500
8191,500
8192,500
8193,501
8194,501
8195,501
8196,501
8197,501
8198,501
8199,501
8200,501
8201,501
8202,501
8203,501
8204,501
8205,501
8206,501
8207,501
8208,501
8209,501
8210,501
8211,501
8212,501
8213,501
8214,501
8215,501
8216,501
8217,501
8218,501
8219,501
8220,501
8221,501
8222,501
8223,501
8224,501
8225,501
8226,501
8227,501
8228,501
8229,501
8230,501
8231,501
8232,501
8233,501
8234,501
8235,501
8236,501
8237,501
8238,501
8239,501
8240,501
8241,501
8242,501
8243,501
8244,501
8245,501
8246,501
8247,501
8248,501
8249,502
8250,502
8251,502
8252,502
8253,502
8254,502
8255,502
8256,502
8257,502
8258,502
8259,502
8260,502
8261,502
8262,502
8263,502
8264,502
8265,502
8266,502
8267,502
8268,502
8269,502
8270,502
8271,502
8272,502
8273,502
8274,502
8275,502
8276,502
8277,502
8278,502
8279,502
8280,502
8281,502
8282,502
8283,502
8284,502
8285,502
8286,502
8287,502
8288,502
8289,502
8290,502
8291,502
8292,502
8293,502
8294,502
8295,502
8296,502
8297,502
8298,502
8299,502
8300,502
8301,502
8302,502
8303,502
8304,502
8305,502
8306,502
8307,503
8308,503
8309,503
8310,503
8311,503
8312,503
8313,503
8314,503
8315,503
8316,503
8317,503
8318,503
8319,503
8320,503
8321,503
8322,503
8323,503
8324,503
8325,503
8326,503
8327,503
8328,503
8329,503
8330,503
8331,503
8332,503
8333,503
8334,503
8335,503
8336,503
8337,503
8338,503
8339,503
8340,503
8341,503
8342,503
8343,503
8344,503
8345,503
8346,503
8347,503
8348,503
8349,503
8350,503
8351,503
8352,503
8353,503
8354,503
8355,503
8356,503
8357,503
8358,503
8359,503
8360,503
8361,503
8362,503
8363,503
8364,503
8365,504
8366,504
8367,504
8368,504
8369,504
8370,504
8371,504
8372,504
8373,504
8374,504
8375,504
8376,504
8377,504
8378,504
8379,504
8380,504
8381,504
8382,504
8383,504
8384,504
8385,504
8386,504
8387,504
8388,504
8389,504
8390,504
8391,504
8392,504
8393,504
8394,504
8395,504
8396,504
8397,504
8398,504
8399,504
8400,504
8401,504
8402,504
8403,504
8404,504
8405,504
8406,504
8407,504
8408,504
8409,504
8410,504
8411,504
8412,504
8413,504
8414,504
8415,504
8416,504
8417,504
8418,504
8419,504
8420,504
8421,504
8422,504
8423,505
8424,505
8425,505
8426,505
8427,505
8428,505
8429,505
8430,505
8431,505
8432,505
8433,505
8434,505
8435,505
8436,505
8437,505
8438,505
8439,505
8440,505
8441,505
8442,505
8443,505
8444,505
8445,505
8446,505
8447,505
8448,505
8449,505
8450,505
8451,505
8452,505
8453,505
8454,505
8455,505
8456,505
8457,505
8458,505
8459,505
8460,505
8461,505
8462,505
8463,505
8464,505
8465,505
8466,505
8467,505
8468,505
8469,505
8470,505
8471,505
8472,505
8473,505
8474,505
8475,505
8476,505
8477,505
8478,505
8479,505
8480,505
8481,506
8482,506
8483,506
8484,506
8485,506
8486,506
8487,506
8488,506
8489,506
8490,506
8491,506
8492,506
8493,506
8494,506
8495,506
8496,506
8497,506
8498,506
8499,506
8500,506
8501,506
8502,506
8503,506
8504,506
8505,506
8506,506
8507,506
8508,506
8509,506
8510,506
8511,506
8512,506
8513,506
8514,506
8515,506
8516,506
8517,506
8518,506
8519,506
8520,506
8521,506
8522,506
8523,506
8524,506
8525,506
8526,506
8527,506
8528,506
8529,506
8530,506
8531,506
8532,506
8533,506
8534,506
8535,506
8536,506
8537,506
8538,506
8539,506
8540,507
8541,507
8542,507
8543,507
8544,507
8545,507
8546,507
8547,507
8548,507
8549,507
8550,507
8551,507
8552,507
8553,507
8554,507
8555,507
8556,507
8557,507
8558,507
8559,507
8560,507
8561,507
8562,507
8563,507
8564,507
8565,507
8566,507
8567,507
8568,507
8569,507
8570,507
8571,507
8572,507
8573,507
8574,507
8575,507
8576,507
8577,507
8578,507
8579,507
8580,507
8581,507
8582,507
8583,507
8584,507
8585,507
8586,507
8587,507
8588,507
8589,507
8590,507
8591,507
8592,507
8593,507
8594,507
8595,507
8596,507
8597,507
8598,507
8599,507
8600,508
8601,508
8602,508
8603,508
8604,508
8605,508
8606,508
8607,508
8608,508
8609,508
8610,508
8611,508
8612,508
8613,508
8614,508
8615,508
8616,508
8617,508
8618,508
8619,508
8620,508
8621,508
8622,508
8623,508
8624,508
8625,508
8626,508
8627,508
8628,508
8629,508
8630,508
8631,508
8632,508
8633,508
8634,508
8635,508
8636,508
8637,508
8638,508
8639,508
8640,508
8641,508
8642,508
8643,508
8644,508
8645,508
8646,508
8647,508
8648,508
8649,508
8650,508
8651,508
8652,508
8653,508
8654,508
8655,508
8656,508
8657,508
8658,508
8659,508
8660,509
8661,509
8662,509
8663,509
8664,509
8665,509
8666,509
8667,509
8668,509
8669,509
8670,509
8671,509
8672,509
8673,509
8674,509
8675,509
8676,509
8677,509
8678,509
8679,509
8680,509
8681,509
8682,509
8683,509
8684,509
8685,509
8686,509
8687,509
8688,509
8689,509
8690,509
8691,509
8692,509
8693,509
8694,509
8695,509
8696,509
8697,509
8698,509
8699,509
8700,509
8701,509
8702,509
8703,509
8704,509
8705,509
8706,509
8707,509
8708,509
8709,509
8710,509
8711,509
8712,509
8713,509
8714,509
8715,509
8716,509
8717,509
8718,509
8719,509
8720,510
8721,510
8722,510
8723,510
8724,510
8725,510
8726,510
8727,510
8728,510
8729,510
8730,510
8731,510
8732,510
8733,510
8734,510
8735,510
8736,510
8737,510
8738,510
8739,510
8740,510
8741,510
8742,510
8743,510
8744,510
8745,510
8746,510
8747,510
8748,510
8749,510
8750,510
8751,510
8752,510
8753,510
8754,510
8755,510
8756,510
8757,510
8758,510
8759,510
8760,510
8761,510
8762,510
8763,510
8764,510
8765,510
8766,510
8767,510
8768,510
8769,510
8770,510
8771,510
8772,510
8773,510
8774,510
8775,510
8776,510
8777,510
8778,510
8779,510
8780,511
8781,511
8782,511
8783,511
8784,511
8785,511
8786,511
8787,511
8788,511
8789,511
8790,511
8791,511
8792,511
8793,511
8794,511
8795,511
8796,511
8797,511
8798,511
8799,511
8800,511
8801,511
8802,511
8803,511
8804,511
8805,511
8806,511
8807,511
8808,511
8809,511
8810,511
8811,511
8812,511
8813,511
8814,511
8815,511
8816,511
8817,511
8818,511
8819,511
8820,511
8821,511
8822,511
8823,511
8824,511
8825,511
8826,511
8827,511
8828,511
8829,511
8830,511
8831,511
8832,511
8833,511
8834,511
8835,511
8836,511
8837,511
8838,511
8839,511
8840,511
8841,511
8842,512
8843,512
8844,512
8845,512
8846,512
8847,512
8848,512
8849,512
8850,512
8851,512
8852,512
8853,512
8854,512
8855,512
8856,512
8857,512
8858,512
8859,512
8860,512
8861,512
8862,512
8863,512
8864,512
8865,512
8866,512
8867,512
8868,512
8869,512
8870,512
8871,512
8872,512
8873,512
8874,512
8875,512
8876,512
8877,512
8878,512
8879,512
8880,512
8881,512
8882,512
8883,512
8884,512
8885,512
8886,512
8887,512
8888,512
8889,512
8890,512
8891,512
8892,512
8893,512
8894,512
8895,512
8896,512
8897,512
8898,512
8899,512
8900,512
8901,512
8902,512
8903,513
8904,513
8905,513
8906,513
8907,513
8908,513
8909,513
8910,513
8911,513
8912,513
8913,513
8914,513
8915,513
8916,513
8917,513
8918,513
8919,513
8920,513
8921,513
8922,513
8923,513
8924,513
8925,513
8926,513
8927,513
8928,513
8929,513
8930,513
8931,513
8932,513
8933,513
8934,513
8935,513
8936,513
8937,513
8938,513
8939,513
8940,513
8941,513
8942,513
8943,513
8944,513
8945,513
8946,513
8947,513
8948,513
8949,513
8950,513
8951,513
8952,513
8953,513
8954,513
8955,513
8956,513
8957,513
8958,513
8959,513
8960,513
8961,513
8962,513
8963,513
8964,513
8965,514
8966,514
8967,514
8968,514
8969,514
8970,514
8971,514
8972,514
8973,514
8974,514
8975,514
8976,514
8977,514
8978,514
8979,514
8980,514
8981,514
8982,514
8983,514
8984,514
8985,514
8986,514
8987,514
8988,514
8989,514
8990,514
8991,514
8992,514
8993,514
8994,514
8995,514
8996,514
8997,514
8998,514
8999,514
9000,514
9001,514
9002,514
9003,514
9004,514
9005,514
9006,514
9007,514
9008,514
9009,514
9010,514
9011,514
9012,514
9013,514
9014,514
9015,514
9016,514
9017,514
9018,514
9019,514
9020,514
9021,514
9022,514
9023,514
9024,514
9025,514
9026,514
9027,515
9028,515
9029,515
9030,515
9031,515
9032,515
9033,515
9034,515
9035,515
9036,515
9037,515
9038,515
9039,515
9040,515
9041,515
9042,515
9043,515
9044,515
9045,515
9046,515
9047,515
9048,515
9049,515
9050,515
9051,515
9052,515
9053,515
9054,515
9055,515
9056,515
9057,515
9058,515
9059,515
9060,515
9061,515
9062,515
9063,515
9064,515
9065,515
9066,515
9067,515
9068,515
9069,515
9070,515
9071,515
9072,515
9073,515
9074,515
9075,515
9076,515
9077,515
9078,515
9079,515
9080,515
9081,515
9082,515
9083,515
9084,515
9085,515
9086,515
9087,515
9088,515
9089,515
9090,516
9091,516
9092,516
9093,516
9094,516
9095,516
9096,516
9097,516
9098,516
9099,516
9100,516
9101,516
9102,516
9103,516
9104,516
9105,516
9106,516
9107,516
9108,516
9109,516
9110,516
9111,516
9112,516
9113,516
9114,516
9115,516
9116,516
9117,516
9118,516
9119,516
9120,516
9121,516
9122,516
9123,516
9124,516
9125,516
9126,516
9127,516
9128,516
9129,516
9130,516
9131,516
9132,516
9133,516
9134,516
9135,516
9136,516
9137,516
9138,516
9139,516
9140,516
9141,516
9142,516
9143,516
9144,516
9145,516
9146,516
9147,516
9148,516
9149,516
9150,516
9151,516
9152,516
9153,517
9154,517
9155,517
9156,517
9157,517
9158,517
9159,517
9160,517
9161,517
9162,517
9163,517
9164,517
9165,517
9166,517
9167,517
9168,517
9169,517
9170,517
9171,517
9172,517
9173,517
9174,517
9175,517
9176,517
9177,517
9178,517
9179,517
9180,517
9181,517
9182,517
9183,517
9184,517
9185,517
9186,517
9187,517
9188,517
9189,517
9190,517
9191,517
9192,517
9193,517
9194,517
9195,517
9196,517
9197,517
9198,517
9199,517
9200,517
9201,517
9202,517
9203,517
9204,517
9205,517
9206,517
9207,517
9208,517
9209,517
9210,517
9211,517
9212,517
9213,517
9214,517
9215,517
9216,517
9217,518
9218,518
9219,518
9220,518
9221,518
9222,518
9223,518
9224,518
9225,518
9226,518
9227,518
9228,518
9229,518
9230,518
9231,518
9232,518
9233,518
9234,518
9235,518
9236,518
9237,518
9238,518
9239,518
9240,518
9241,518
9242,518
9243,518
9244,518
9245,518
9246,518
9247,518
9248,518
9249,518
9250,518
9251,518
9252,518
9253,518
9254,518
9255,518
9256,518
9257,518
9258,518
9259,518
9260,518
9261,518
9262,518
9263,518
9264,518
9265,518
9266,518
9267,518
9268,518
9269,518
9270,518
9271,518
9272,518
9273,518
9274,518
9275,518
9276,518
9277,518
9278,518
9279,518
9280,518
9281,519
9282,519
9283,519
9284,519
9285,519
9286,519
9287,519
9288,519
9289,519
9290,519
9291,519
9292,519
9293,519
9294,519
9295,519
9296,519
9297,519
9298,519
9299,519
9300,519
9301,519
9302,519
9303,519
9304,519
9305,519
9306,519
9307,519
9308,519
9309,519
9310,519
9311,519
9312,519
9313,519
9314,519
9315,519
9316,519
9317,519
9318,519
9319,519
9320,519
9321,519
9322,519
9323,519
9324,519
9325,519
9326,519
9327,519
9328,519
9329,519
9330,519
9331,519
9332,519
9333,519
9334,519
9335,519
9336,519
9337,519
9338,519
9339,519
9340,519
9341,519
9342,519
9343,519
9344,519
9345,519
9346,520
9347,520
9348,520
9349,520
9350,520
9351,520
9352,520
9353,520
9354,520
9355,520
9356,520
9357,520
9358,520
9359,520
9360,520
9361,520
9362,520
9363,520
9364,520
9365,520
9366,520
9367,520
9368,520
9369,520
9370,520
9371,520
9372,520
9373,520
9374,520
9375,520
9376,520
9377,520
9378,520
9379,520
9380,520
9381,520
9382,520
9383,520
9384,520
9385,520
9386,520
9387,520
9388,520
9389,520
9390,520
9391,520
9392,520
9393,520
9394,520
9395,520
9396,520
9397,520
9398,520
9399,520
9400,520
9401,520
9402,520
9403,520
9404,520
9405,520
9406,520
9407,520
9408,520
9409,520
9410,520
9411,521
9412,521
9413,521
9414,521
9415,521
9416,521
9417,521
9418,521
9419,521
9420,521
9421,521
9422,521
9423,521
9424,521
9425,521
9426,521
9427,521
9428,521
9429,521
9430,521
9431,521
9432,521
9433,521
9434,521
9435,521
9436,521
9437,521
9438,521
9439,521
9440,521
9441,521
9442,521
9443,521
9444,521
9445,521
9446,521
9447,521
9448,521
9449,521
9450,521
9451,521
9452,521
9453,521
9454,521
9455,521
9456,521
9457,521
9458,521
9459,521
9460,521
9461,521
9462,521
9463,521
9464,521
9465,521
9466,521
9467,521
9468,521
9469,521
9470,521
9471,521
9472,521
9473,521
9474,521
9475,521
9476,522
9477,522
9478,522
9479,522
9480,522
9481,522
9482,522
9483,522
9484,522
9485,522
9486,522
9487,522
9488,522
9489,522
9490,522
9491,522
9492,522
9493,522
9494,522
9495,522
9496,522
9497,522
9498,522
9499,522
9500,522
9501,522
9502,522
9503,522
9504,522
9505,522
9506,522
9507,522
9508,522
9509,522
9510,522
9511,522
9512,522
9513,522
9514,522
9515,522
9516,522
9517,522
9518,522
9519,522
9520,522
9521,522
9522,522
9523,522
9524,522
9525,522
9526,522
9527,522
9528,522
9529,522
9530,522
9531,522
9532,522
9533,522
9534,522
9535,522
9536,522
9537,522
9538,522
9539,522
9540,522
9541,522
9542,523
9543,523
9544,523
9545,523
9546,523
9547,523
9548,523
9549,523
9550,523
9551,523
9552,523
9553,523
9554,523
9555,523
9556,523
9557,523
9558,523
9559,523
9560,523
9561,523
9562,523
9563,523
9564,523
9565,523
9566,523
9567,523
9568,523
9569,523
9570,523
9571,523
9572,523
9573,523
9574,523
9575,523
9576,523
9577,523
9578,523
9579,523
9580,523
9581,523
9582,523
9583,523
9584,523
9585,523
9586,523
9587,523
9588,523
9589,523
9590,523
9591,523
9592,523
9593,523
9594,523
9595,523
9596,523
9597,523
9598,523
9599,523
9600,523
9601,523
9602,523
9603,523
9604,523
9605,523
9606,523
9607,523
9608,524
9609,524
9610,524
9611,524
9612,524
9613,524
9614,524
9615,524
9616,524
9617,524
9618,524
9619,524
9620,524
9621,524
9622,524
9623,524
9624,524
9625,524
9626,524
9627,524
9628,524
9629,524
9630,524
9631,524
9632,524
9633,524
9634,524
9635,524
9636,524
9637,524
9638,524
9639,524
9640,524
9641,524
9642,524
9643,524
9644,524
9645,524
9646,524
9647,524
9648,524
9649,524
9650,524
9651,524
9652,524
9653,524
9654,524
9655,524
9656,524
9657,524
9658,524
9659,524
9660,524
9661,524
9662,524
9663,524
9664,524
9665,524
9666,524
9667,524
9668,524
9669,524
9670,524
9671,524
9672,524
9673,524
9674,524
9675,525
9676,525
9677,525
9678,525
9679,525
9680,525
9681,525
9682,525
9683,525
9684,525
9685,525
9686,525
9687,525
9688,525
9689,525
9690,525
9691,525
9692,525
9693,525
9694,525
9695,525
9696,525
9697,525
9698,525
9699,525
9700,525
9701,525
9702,525
9703,525
9704,525
9705,525
9706,525
9707,525
9708,525
9709,525
9710,525
9711,525
9712,525
9713,525
9714,525
9715,525
9716,525
9717,525
9718,525
9719,525
9720,525
9721,525
9722,525
9723,525
9724,525
9725,525
9726,525
9727,525
9728,525
9729,525
9730,525
9731,525
9732,525
9733,525
9734,525
9735,525
9736,525
9737,525
9738,525
9739,525
9740,525
9741,525
9742,526
9743,526
9744,526
9745,526
9746,526
9747,526
9748,526
9749,526
9750,526
9751,526
9752,526
9753,526
9754,526
9755,526
9756,526
9757,526
9758,526
9759,526
9760,526
9761,526
9762,526
9763,526
9764,526
9765,526
9766,526
9767,526
9768,526
9769,526
9770,526
9771,526
9772,526
9773,526
9774,526
9775,526
9776,526
9777,526
9778,526
9779,526
9780,526
9781,526
9782,526
9783,526
9784,526
9785,526
9786,526
9787,526
9788,526
9789,526
9790,526
9791,526
9792,526
9793,526
9794,526
9795,526
9796,526
9797,526
9798,526
9799,526
9800,526
9801,526
9802,526
9803,526
9804,526
9805,526
9806,526
9807,526
9808,526
9809,526
9810,527
9811,527
9812,527
9813,527
9814,527
9815,527
9816,527
9817,527
9818,527
9819,527
9820,527
9821,527
9822,527
9823,527
9824,527
9825,527
9826,527
9827,527
9828,527
9829,527
9830,527
9831,527
9832,527
9833,527
9834,527
9835,527
9836,527
9837,527
9838,527
9839,527
9840,527
9841,527
9842,527
9843,527
9844,527
9845,527
9846,527
9847,527
9848,527
9849,527
9850,527
9851,527
9852,527
9853,527
9854,527
9855,527
9856,527
9857,527
9858,527
9859,527
9860,527
9861,527
9862,527
9863,527
9864,527
9865,527
9866,527
9867,527
9868,527
9869,527
9870,527
9871,527
9872,527
9873,527
9874,527
9875,527
9876,527
9877,527
9878,528
9879,528
9880,528
9881,528
9882,528
9883,528
9884,528
9885,528
9886,528
9887,528
9888,528
9889,528
9890,528
9891,528
9892,528
9893,528
9894,528
9895,528
9896,528
9897,528
9898,528
9899,528
9900,528
9901,528
9902,528
9903,528
9904,528
9905,528
9906,528
9907,528
9908,528
9909,528
9910,528
9911,528
9912,528
9913,528
9914,528
9915,528
9916,528
9917,528
9918,528
9919,528
9920,528
9921,528
9922,528
9923,528
9924,528
9925,528
9926,528
9927,528
9928,528
9929,528
9930,528
9931,528
9932,528
9933,528
9934,528
9935,528
9936,528
9937,528
9938,528
9939,528
9940,528
9941,528
9942,528
9943,528
9944,528
9945,528
9946,528
9947,529
9948,529
9949,529
9950,529
9951,529
9952,529
9953,529
9954,529
9955,529
9956,529
9957,529
9958,529
9959,529
9960,529
9961,529
9962,529
9963,529
9964,529
9965,529
9966,529
9967,529
9968,529
9969,529
9970,529
9971,529
9972,529
9973,529
9974,529
9975,529
9976,529
9977,529
9978,529
9979,529
9980,529
9981,529
9982,529
9983,529
9984,529
9985,529
9986,529
9987,529
9988,529
9989,529
9990,529
9991,529
9992,529
9993,529
9994,529
9995,529
9996,529
9997,529
9998,529
9999,529
10000,529
