claim_id,filename,sha256,file_size_bytes
EM-01,战报_1069659_pid1064677.json,52b4dfd80e1aa13e6fc457fe4bdc88b246faaf7474432fce4f5c11b0d880758f,315194
EM-01,战报_1070619_pid1065637.json,4b6d617fa960e45121707639d2d25ced51a06098b29e42a447d3c47cebc3636f,261002
EM-01,战报_1073363_pid1068396.json,26d76e1f6123b79d6044a8ce5c6511651f6e6712df8f66a2afd81214a8067da3,297733
EM-08,战报_1068514_pid1063527.json,e14f47387df6ae7214bf6c72f6fbf46b07f2468cb007d22a3f3f574873e03d10,228279
EM-08,战报_2498273_pid2607877.json,2631fb6f9e87b40a165156f30030104549538fb825f705cb12bd12759acfd840,640307
EM-03,战报_1111040_pid1106298.json,2fed7ac1d68b1e1e0b16629628f32bbf4cd34705b4308ab04ef117d0c94d1646,194019
EM-21,战报_1000225_pid995488.json,0decf1d3be6f36b81ad3cdde5b9b2b267d8469c8c45534eb8600a519a4111b2b,99223
EM-21,战报_1008109_pid1003336.json,c83a420554c4e613aefbda68ee8e00a53a6f9087137d15c422d61124d4dad71d,370612
EM-22,战报_1627796_pid1627641.json,2cb7c04918188e21a3c4f72e465a9aaf0da7a2f947f383039fdf2de5bf86be44,1024459
EM-11,战报_1008108_pid1003335.json,5fc3436cc96013572be7887873846af13a74eb78502ad93adda282e350c13766,365748
EM-19,战报_1008108_pid1003335.json,5fc3436cc96013572be7887873846af13a74eb78502ad93adda282e350c13766,365748
